Workbook

Sheet Raw data for day3
A1: DAY 2 CHALLENGE- DATA CLEANING
A3: Employee ID | B3: Names | C3: Department | D3: Country | E3: Salary | F3: Date of Joining | G3: Date of Joining Year | H3: Performance Rating | I3: Gender | J3: Email
A4: EMP1000 | C4: Finance | E4: N/A | G4: =YEAR(Cleaned_Data4[[#This Row],[Date of Joining]]) -> 1900 | H4: 2 | I4: Unknown | J4: invalid_email
A5: EMP1001 | B5: Eve Adams | C5: HR | D5: Germany | E5: 54255 | F5: 42015 | G5: =YEAR(F5) -> 2015 | H5: 1 | I5: Other | J5: user106@example.com
A6: EMP1002 | B6: Alice Brown | C6: Finance | D6: Germany | E6: 63184 | F6: 42022 | G6: =YEAR(F6) -> 2015 | H6: 2 | J6: user176@example.com
A7: EMP1003 | B7: John Doe | C7: Sales | D7: USA | E7: 94406 | F7: 42029 | G7: =YEAR(F7) -> 2015 | H7: 1 | I7: Male | J7: user168@example.com
A8: EMP1004 | B8: Jane Smith | C8: Sales | D8: Germany | E8: 64120 | F8: 42036 | G8: =YEAR(F8) -> 2015 | H8: 1 | I8: Male | J8: user49@example.com
A9: EMP1005 | B9: Alice Brown | C9: IT | D9: India | E9: 78421 | F9: 42043 | G9: =YEAR(F9) -> 2015 | H9: 2 | I9: Female | J9: user24@example.com
A10: EMP1006 | B10: Sam Wilson | C10: Sales | E10: 67721 | F10: 42050 | G10: =YEAR(F10) -> 2015 | I10: Male | J10: user168@example.com
A11: EMP1007 | B11: Chris Lee | C11: Marketing | E11: 35364 | F11: 42057 | G11: =YEAR(F11) -> 2015 | H11: 2 | I11: Other | J11: user26@example.com
A12: EMP1008 | B12: Alice Brown | C12: IT | D12: Germany | E12: 97881 | F12: 42064 | G12: =YEAR(F12) -> 2015 | I12: Female | J12: user25@example.com
A13: EMP1009 | B13: Chris Lee | C13: HR | D13: UK | E13: 91846 | F13: 42071 | G13: =YEAR(F13) -> 2015 | I13: Male | J13: user153@example.com
A14: EMP1010 | B14: Sam Wilson | C14: Finance | D14: UK | E14: 64247 | F14: 42078 | G14: =YEAR(F14) -> 2015 | H14: 1 | I14: Female | J14: user18@example.com
A15: EMP1011 | B15: Sam Wilson | C15: IT | D15: USA | E15: 91180 | F15: 42085 | G15: =YEAR(F15) -> 2015 | H15: 5 | I15: Male | J15: user1@example.com
A16: EMP1012 | B16: Bob Johnson | C16: Sales | E16: 96418 | F16: 42092 | G16: =YEAR(F16) -> 2015 | H16: 5 | I16: Male | J16: user106@example.com
A17: EMP1013 | B17: Sam Wilson | D17: India | E17: 62158 | F17: 42099 | G17: =YEAR(F17) -> 2015 | H17: 4 | J17: user180@example.com
A18: EMP1014 | B18: Jane Smith | C18: HR | E18: 59894 | F18: 42106 | G18: =YEAR(F18) -> 2015 | H18: 2 | I18: Male | J18: user184@example.com
A19: EMP1015 | C19: IT | D19: India | E19: 92443 | F19: 42113 | G19: =YEAR(F19) -> 2015 | H19: 3 | I19: Other | J19: user3@example.com
A20: EMP1016 | B20: Bob Johnson | D20: Germany | E20: 90271 | F20: 42120 | G20: =YEAR(F20) -> 2015 | J20: user64@example.com
A21: EMP1017 | B21: Jane Smith | C21: Finance | D21: Australia | E21: 41341 | F21: 42127 | G21: =YEAR(F21) -> 2015 | H21: 1 | I21: Other | J21: user38@example.com
A22: EMP1018 | B22: Alice Brown | C22: Finance | D22: UK | E22: 73602 | F22: 42134 | G22: =YEAR(F22) -> 2015 | J22: user96@example.com
A23: EMP1019 | B23: Eve Adams | D23: India | E23: 67531 | F23: 42141 | G23: =YEAR(F23) -> 2015 | H23: 5 | I23: Female | J23: user151@example.com
A24: EMP1020 | B24: Jane Smith | C24: HR | D24: USA | E24: N/A | F24: 42148 | G24: =YEAR(F24) -> 2015 | H24: 2 | I24: Other | J24: user200@example.com
A25: EMP1021 | B25: Jane Smith | C25: HR | E25: 98922 | F25: 42155 | G25: =YEAR(F25) -> 2015 | H25: 4 | J25: user77@example.com
A26: EMP1022 | B26: Eve Adams | C26: Finance | D26: India | E26: 38333 | F26: 42162 | G26: =YEAR(F26) -> 2015 | H26: 5 | J26: user128@example.com
A27: EMP1023 | B27: Alice Brown | C27: Marketing | D27: UK | E27: 36515 | F27: 42169 | G27: =YEAR(F27) -> 2015 | H27: 3 | I27: Male | J27: user149@example.com
A28: EMP1024 | B28: Sam Wilson | C28: Finance | E28: 91005 | F28: 42176 | G28: =YEAR(F28) -> 2015 | H28: 1 | I28: Other | J28: user122@example.com
A29: EMP1025 | B29: Chris Lee | E29: 52272 | F29: 42183 | G29: =YEAR(F29) -> 2015 | H29: 3 | J29: user41@example.com
A30: EMP1026 | B30: Eve Adams | C30: Sales | D30: Germany | E30: 76518 | F30: 42190 | G30: =YEAR(F30) -> 2015 | H30: 2 | I30: Female | J30: user68@example.com
A31: EMP1027 | B31: Alice Brown | C31: IT | D31: UK | E31: 41448 | F31: 42197 | G31: =YEAR(F31) -> 2015 | H31: 3 | I31: Other | J31: user103@example.com
A32: EMP1028 | B32: John Doe | C32: HR | D32: UK | E32: 49282 | F32: 42204 | G32: =YEAR(F32) -> 2015 | H32: 2 | I32: Female | J32: user135@example.com
A33: EMP1029 | B33: Bob Johnson | C33: Marketing | D33: UK | E33: 92959 | F33: 42211 | G33: =YEAR(F33) -> 2015 | H33: 5 | J33: user83@example.com
A34: EMP1030 | C34: Marketing | E34: 92259 | G34: =YEAR(F34) -> 1900 | H34: 1 | I34: Unknown | J34: user109@example.com
A35: EMP1031 | B35: Eve Adams | C35: HR | D35: Germany | E35: 92299 | F35: 42225 | G35: =YEAR(F35) -> 2015 | H35: 3 | I35: Male | J35: user143@example.com
A36: EMP1032 | B36: Sam Wilson | C36: HR | E36: 95586 | F36: 42232 | G36: =YEAR(F36) -> 2015 | H36: 3 | I36: Other | J36: user190@example.com
A37: EMP1033 | B37: Chris Lee | D37: USA | E37: 95367 | F37: 42239 | G37: =YEAR(F37) -> 2015 | I37: Male | J37: user136@example.com
A38: EMP1034 | B38: John Doe | C38: Sales | D38: Australia | E38: 79549 | F38: 42246 | G38: =YEAR(F38) -> 2015 | H38: 3 | J38: user198@example.com
A39: EMP1035 | B39: Alice Brown | D39: UK | E39: 54463 | F39: 42253 | G39: =YEAR(F39) -> 2015 | H39: 4 | I39: Male | J39: invalid_email
A40: EMP1036 | B40: Alice Brown | C40: IT | D40: USA | E40: 89781 | F40: 42260 | G40: =YEAR(F40) -> 2015 | I40: Female | J40: user31@example.com
A41: EMP1037 | B41: Alice Brown | C41: HR | E41: 64796 | F41: 42267 | G41: =YEAR(F41) -> 2015 | I41: Other | J41: user98@example.com
A42: EMP1038 | B42: John Doe | C42: Marketing | D42: UK | E42: 52093 | F42: 42274 | G42: =YEAR(F42) -> 2015 | H42: 5 | J42: user154@example.com
A43: EMP1039 | B43: Chris Lee | C43: HR | D43: UK | E43: 48224 | F43: 42281 | G43: =YEAR(F43) -> 2015 | H43: 3 | J43: user42@example.com
A44: EMP1040 | B44: Bob Johnson | C44: Finance | D44: UK | E44: N/A | G44: =YEAR(F44) -> 1900 | H44: 4 | I44: Female | J44: user89@example.com
A45: EMP1041 | B45: Alice Brown | C45: IT | D45: Germany | E45: 33956 | F45: 42295 | G45: =YEAR(F45) -> 2015 | J45: user47@example.com
A46: EMP1042 | B46: Bob Johnson | D46: Australia | E46: 64913 | F46: 42302 | G46: =YEAR(F46) -> 2015 | H46: 1 | I46: Female | J46: user175@example.com
A47: EMP1043 | B47: Alice Brown | C47: Marketing | D47: Australia | E47: 35326 | F47: 42309 | G47: =YEAR(F47) -> 2015 | I47: Female | J47: user57@example.com
A48: EMP1044 | B48: Chris Lee | C48: Finance | E48: 81610 | F48: 42316 | G48: =YEAR(F48) -> 2015 | H48: 1 | J48: user20@example.com
A49: EMP1045 | C49: HR | E49: 58962 | F49: 42323 | G49: =YEAR(F49) -> 2015 | H49: 3 | I49: Other | J49: user106@example.com
A50: EMP1046 | B50: Chris Lee | C50: IT | D50: Germany | E50: 92701 | F50: 42330 | G50: =YEAR(F50) -> 2015 | H50: 3 | I50: Other | J50: user199@example.com
A51: EMP1047 | B51: Chris Lee | C51: HR | D51: India | E51: 58245 | F51: 42337 | G51: =YEAR(F51) -> 2015 | H51: 4 | J51: user43@example.com
A52: EMP1048 | B52: John Doe | C52: Finance | E52: 66513 | F52: 42344 | G52: =YEAR(F52) -> 2015 | H52: 2 | I52: Other | J52: user24@example.com
A53: EMP1049 | B53: Eve Adams | C53: HR | D53: Germany | E53: 78720 | F53: 42351 | G53: =YEAR(F53) -> 2015 | H53: 5 | I53: Female | J53: user89@example.com
A54: EMP1050 | B54: Chris Lee | E54: 30686 | G54: =YEAR(F54) -> 1900 | H54: 2 | I54: Female | J54: user95@example.com
A55: EMP1051 | B55: Sam Wilson | C55: Sales | D55: India | E55: 39423 | F55: 42365 | G55: =YEAR(F55) -> 2015 | H55: 5 | J55: user59@example.com
A56: EMP1052 | B56: Eve Adams | C56: Marketing | E56: 30280 | F56: 42372 | G56: =YEAR(F56) -> 2016 | H56: 1 | J56: user152@example.com
A57: EMP1053 | B57: Eve Adams | C57: Finance | D57: UK | E57: 33352 | F57: 42379 | G57: =YEAR(F57) -> 2016 | H57: 3 | I57: Female | J57: user200@example.com
A58: EMP1054 | B58: Bob Johnson | C58: Marketing | D58: UK | E58: 75633 | F58: 42386 | G58: =YEAR(F58) -> 2016 | H58: 5 | I58: Other | J58: user92@example.com
A59: EMP1055 | B59: Chris Lee | D59: USA | E59: 74815 | F59: 42393 | G59: =YEAR(F59) -> 2016 | H59: 5 | I59: Female | J59: user50@example.com
A60: EMP1056 | B60: John Doe | C60: Sales | D60: Australia | E60: 60011 | F60: 42400 | G60: =YEAR(F60) -> 2016 | H60: 1 | I60: Male | J60: user63@example.com
A61: EMP1057 | B61: Eve Adams | D61: India | E61: 96949 | F61: 42407 | G61: =YEAR(F61) -> 2016 | H61: 3 | J61: user103@example.com
A62: EMP1058 | B62: Sam Wilson | C62: Marketing | E62: 84924 | F62: 42414 | G62: =YEAR(F62) -> 2016 | H62: 5 | I62: Male | J62: user150@example.com
A63: EMP1059 | B63: Sam Wilson | C63: Finance | D63: USA | E63: 82033 | F63: 42421 | G63: =YEAR(F63) -> 2016 | H63: 1 | J63: user20@example.com
A64: EMP1060 | C64: Marketing | D64: Germany | E64: N/A | G64: =YEAR(F64) -> 1900 | H64: 5 | I64: Unknown | J64: user112@example.com
A65: EMP1061 | B65: Eve Adams | D65: Australia | E65: 31499 | F65: 42435 | G65: =YEAR(F65) -> 2016 | H65: 2 | J65: user31@example.com
A66: EMP1062 | B66: Chris Lee | C66: IT | D66: UK | E66: 97981 | F66: 42442 | G66: =YEAR(F66) -> 2016 | H66: 5 | I66: Female | J66: user71@example.com
A67: EMP1063 | B67: Eve Adams | C67: HR | D67: USA | E67: 36541 | F67: 42449 | G67: =YEAR(F67) -> 2016 | H67: 2 | I67: Other | J67: user97@example.com
A68: EMP1064 | B68: John Doe | C68: IT | D68: India | E68: 84737 | F68: 42456 | G68: =YEAR(F68) -> 2016 | H68: 1 | I68: Male | J68: user141@example.com
A69: EMP1065 | B69: Sam Wilson | C69: Finance | D69: India | E69: 33468 | F69: 42463 | G69: =YEAR(F69) -> 2016 | H69: 4 | I69: Male | J69: user125@example.com
A70: EMP1066 | B70: Sam Wilson | D70: Australia | E70: 96365 | F70: 42470 | G70: =YEAR(F70) -> 2016 | H70: 3 | I70: Other | J70: user90@example.com
A71: EMP1067 | B71: Alice Brown | C71: Sales | D71: India | E71: 61942 | F71: 42477 | G71: =YEAR(F71) -> 2016 | H71: 3 | I71: Female | J71: user192@example.com
A72: EMP1068 | B72: Sam Wilson | C72: Finance | D72: UK | E72: 41467 | F72: 42484 | G72: =YEAR(F72) -> 2016 | H72: 2 | J72: user77@example.com
A73: EMP1069 | B73: Bob Johnson | C73: Finance | D73: India | E73: 77096 | F73: 42491 | G73: =YEAR(F73) -> 2016 | H73: 1 | J73: user65@example.com
A74: EMP1070 | B74: Eve Adams | C74: Sales | D74: Australia | E74: 69952 | F74: 42498 | G74: =YEAR(F74) -> 2016 | H74: 5 | I74: Female | J74: invalid_email
A75: EMP1071 | B75: Eve Adams | C75: Marketing | D75: USA | E75: 85065 | F75: 42505 | G75: =YEAR(F75) -> 2016 | H75: 3 | J75: user142@example.com
A76: EMP1072 | B76: Bob Johnson | C76: Marketing | D76: India | E76: 56512 | F76: 42512 | G76: =YEAR(F76) -> 2016 | I76: Other | J76: user153@example.com
A77: EMP1073 | B77: John Doe | C77: Sales | D77: India | E77: 91101 | F77: 42519 | G77: =YEAR(F77) -> 2016 | H77: 4 | I77: Female | J77: user71@example.com
A78: EMP1074 | B78: Sam Wilson | D78: Germany | E78: 41243 | F78: 42526 | G78: =YEAR(F78) -> 2016 | J78: user143@example.com
A79: EMP1075 | C79: Sales | E79: 96142 | F79: 42533 | G79: =YEAR(F79) -> 2016 | H79: 1 | I79: Other | J79: user17@example.com
A80: EMP1076 | B80: Eve Adams | C80: IT | D80: India | E80: 94301 | F80: 42540 | G80: =YEAR(F80) -> 2016 | H80: 1 | I80: Male | J80: user20@example.com
A81: EMP1077 | B81: Jane Smith | D81: UK | E81: 69166 | F81: 42547 | G81: =YEAR(F81) -> 2016 | H81: 1 | I81: Female | J81: user22@example.com
A82: EMP1078 | B82: Sam Wilson | D82: UK | E82: 78245 | F82: 42554 | G82: =YEAR(F82) -> 2016 | H82: 2 | J82: user46@example.com
A83: EMP1079 | B83: Chris Lee | C83: Sales | D83: USA | E83: 66079 | F83: 42561 | G83: =YEAR(F83) -> 2016 | H83: 2 | I83: Other | J83: user55@example.com
A84: EMP1080 | B84: Eve Adams | C84: Marketing | D84: India | E84: N/A | G84: =YEAR(F84) -> 1900 | J84: user135@example.com
A85: EMP1081 | B85: Jane Smith | C85: Sales | D85: USA | E85: 95621 | F85: 42575 | G85: =YEAR(F85) -> 2016 | H85: 3 | I85: Female | J85: user156@example.com
A86: EMP1082 | B86: Eve Adams | C86: IT | D86: UK | E86: 42262 | F86: 42582 | G86: =YEAR(F86) -> 2016 | H86: 1 | J86: user104@example.com
A87: EMP1083 | B87: Sam Wilson | C87: Sales | D87: India | E87: 99621 | F87: 42589 | G87: =YEAR(F87) -> 2016 | I87: Other | J87: user145@example.com
A88: EMP1084 | B88: John Doe | C88: Marketing | D88: India | E88: 44682 | F88: 42596 | G88: =YEAR(F88) -> 2016 | H88: 4 | I88: Female | J88: user47@example.com
A89: EMP1085 | B89: Chris Lee | C89: Finance | E89: 35163 | F89: 42603 | G89: =YEAR(F89) -> 2016 | H89: 5 | I89: Other | J89: user197@example.com
A90: EMP1086 | B90: Chris Lee | C90: IT | D90: India | E90: 33483 | F90: 42610 | G90: =YEAR(F90) -> 2016 | H90: 4 | I90: Male | J90: user177@example.com
A91: EMP1087 | B91: Sam Wilson | C91: HR | D91: Germany | E91: 55303 | F91: 42617 | G91: =YEAR(F91) -> 2016 | H91: 4 | I91: Male | J91: user149@example.com
A92: EMP1088 | B92: Chris Lee | C92: IT | E92: 63434 | F92: 42624 | G92: =YEAR(F92) -> 2016 | H92: 3 | J92: user48@example.com
A93: EMP1089 | B93: Jane Smith | D93: Australia | E93: 38830 | F93: 42631 | G93: =YEAR(F93) -> 2016 | H93: 3 | I93: Other | J93: user149@example.com
A94: EMP1090 | C94: Marketing | D94: UK | E94: 50741 | F94: 42638 | G94: =YEAR(F94) -> 2016 | H94: 3 | I94: Unknown | J94: user65@example.com
A95: EMP1091 | B95: Alice Brown | C95: HR | D95: Australia | E95: 69420 | F95: 42645 | G95: =YEAR(F95) -> 2016 | H95: 1 | I95: Male | J95: user43@example.com
A96: EMP1092 | B96: Jane Smith | C96: IT | E96: 80588 | F96: 42652 | G96: =YEAR(F96) -> 2016 | H96: 5 | I96: Male | J96: user98@example.com
A97: EMP1093 | B97: Alice Brown | D97: USA | E97: 76238 | F97: 42659 | G97: =YEAR(F97) -> 2016 | H97: 4 | I97: Male | J97: user102@example.com
A98: EMP1094 | B98: Bob Johnson | C98: IT | D98: India | E98: 33264 | F98: 42666 | G98: =YEAR(F98) -> 2016 | I98: Female | J98: user148@example.com
A99: EMP1095 | B99: Alice Brown | C99: Finance | D99: Australia | E99: 96101 | F99: 42673 | G99: =YEAR(F99) -> 2016 | I99: Other | J99: user155@example.com
A100: EMP1096 | B100: Jane Smith | C100: Finance | D100: USA | E100: 72939 | F100: 42680 | G100: =YEAR(F100) -> 2016 | H100: 3 | J100: user191@example.com
A101: EMP1097 | B101: Sam Wilson | C101: HR | D101: Germany | E101: 89333 | F101: 42687 | G101: =YEAR(F101) -> 2016 | H101: 1 | I101: Male | J101: user113@example.com
...

Sheet Day3
A1: DAY3 CHALLENGE-IMPUTATION & BASIC FUNCTION (Part-1)
A2: IMPUTATION | K2: Utilize UNIQUE COUNTA, COUNTBLANK,COUNTIF & SUM Functions | O2: DESCRIPTION OF USING FUNCTIONS | U2: DESCRIPTION OF IMPUTATION
A3: Employee ID | B3: Names | C3: Department | D3: Country | E3: Salary | F3: Date of Joining | G3: Performance Rating | H3: Gender | I3: Email
A4: =Cleaned_Data4[[#This Row],[Employee ID]] -> EMP1000 | B4: =IF(Cleaned_Data4[[#This Row],[Names]]="","Un-known",Cleaned_Data4[[#This Row],[Names]]) -> Un-known | C4: =IF(Cleaned_Data4[[#This Row],[Department]]="","Un-known",Cleaned_Data4[[#This Row],[Department]]) -> Finance | D4: =IF(Cleaned_Data4[[#This Row],[Country]]="","Un-known",Cleaned_Data4[[#This Row],[Country]]) -> Un-known | E4: =IF(Cleaned_Data4[[#This Row],[Salary]]="N/A","0",Cleaned_Data4[[#This Row],[Salary]]) -> 0 | F4: =IF(Cleaned_Data4[[#This Row],[Date of Joining]]="","Un-known",Cleaned_Data4[[#This Row],[Date of Joining]]) -> Un-known | G4: =IF(Cleaned_Data4[[#This Row],[Performance Rating]]="","N/A",Cleaned_Data4[[#This Row],[Performance Rating]]) -> 2 | H4: =IF(Cleaned_Data4[[#This Row],[Gender]]="","Un-known",Cleaned_Data4[[#This Row],[Gender]]) -> Unknown | I4: =IF(Cleaned_Data4[[#This Row],[Email]]="","invalid_email",Cleaned_Data4[[#This Row],[Email]]) -> invalid_email | K4: Total No.of Employee | M4: =COUNTA(Table47[Employee ID]) -> 150 | O4: COUNTA() used to count total number of Employees | U4: Column Names | V4: Imputed Values
A5: =Cleaned_Data4[[#This Row],[Employee ID]] -> EMP1001 | B5: =IF(Cleaned_Data4[[#This Row],[Names]]="","Un-known",Cleaned_Data4[[#This Row],[Names]]) -> Eve Adams | C5: =IF(Cleaned_Data4[[#This Row],[Department]]="","Un-known",Cleaned_Data4[[#This Row],[Department]]) -> HR | D5: =IF(Cleaned_Data4[[#This Row],[Country]]="","Un-known",Cleaned_Data4[[#This Row],[Country]]) -> Germany | E5: =IF(Cleaned_Data4[[#This Row],[Salary]]="N/A","0",Cleaned_Data4[[#This Row],[Salary]]) -> 54255 | F5: =IF(Cleaned_Data4[[#This Row],[Date of Joining]]="","Un-known",Cleaned_Data4[[#This Row],[Date of Joining]]) -> 42015 | G5: =IF(Cleaned_Data4[[#This Row],[Performance Rating]]="","N/A",Cleaned_Data4[[#This Row],[Performance Rating]]) -> 1 | H5: =IF(Cleaned_Data4[[#This Row],[Gender]]="","Un-known",Cleaned_Data4[[#This Row],[Gender]]) -> Other | I5: =IF(Cleaned_Data4[[#This Row],[Email]]="","invalid_email",Cleaned_Data4[[#This Row],[Email]]) -> user106@example.com
A6: =Cleaned_Data4[[#This Row],[Employee ID]] -> EMP1002 | B6: =IF(Cleaned_Data4[[#This Row],[Names]]="","Un-known",Cleaned_Data4[[#This Row],[Names]]) -> Alice Brown | C6: =IF(Cleaned_Data4[[#This Row],[Department]]="","Un-known",Cleaned_Data4[[#This Row],[Department]]) -> Finance | D6: =IF(Cleaned_Data4[[#This Row],[Country]]="","Un-known",Cleaned_Data4[[#This Row],[Country]]) -> Germany | E6: =IF(Cleaned_Data4[[#This Row],[Salary]]="N/A","0",Cleaned_Data4[[#This Row],[Salary]]) -> 63184 | F6: =IF(Cleaned_Data4[[#This Row],[Date of Joining]]="","Un-known",Cleaned_Data4[[#This Row],[Date of Joining]]) -> 42022 | G6: =IF(Cleaned_Data4[[#This Row],[Performance Rating]]="","N/A",Cleaned_Data4[[#This Row],[Performance Rating]]) -> 2 | H6: =IF(Cleaned_Data4[[#This Row],[Gender]]="","Un-known",Cleaned_Data4[[#This Row],[Gender]]) -> Un-known | I6: =IF(Cleaned_Data4[[#This Row],[Email]]="","invalid_email",Cleaned_Data4[[#This Row],[Email]]) -> user176@example.com | K6: Unique values in DEPARTMENT column | U6: Names | V6: Un-known
A7: =Cleaned_Data4[[#This Row],[Employee ID]] -> EMP1003 | B7: =IF(Cleaned_Data4[[#This Row],[Names]]="","Un-known",Cleaned_Data4[[#This Row],[Names]]) -> John Doe | C7: =IF(Cleaned_Data4[[#This Row],[Department]]="","Un-known",Cleaned_Data4[[#This Row],[Department]]) -> Sales | D7: =IF(Cleaned_Data4[[#This Row],[Country]]="","Un-known",Cleaned_Data4[[#This Row],[Country]]) -> USA | E7: =IF(Cleaned_Data4[[#This Row],[Salary]]="N/A","0",Cleaned_Data4[[#This Row],[Salary]]) -> 94406 | F7: =IF(Cleaned_Data4[[#This Row],[Date of Joining]]="","Un-known",Cleaned_Data4[[#This Row],[Date of Joining]]) -> 42029 | G7: =IF(Cleaned_Data4[[#This Row],[Performance Rating]]="","N/A",Cleaned_Data4[[#This Row],[Performance Rating]]) -> 1 | H7: =IF(Cleaned_Data4[[#This Row],[Gender]]="","Un-known",Cleaned_Data4[[#This Row],[Gender]]) -> Male | I7: =IF(Cleaned_Data4[[#This Row],[Email]]="","invalid_email",Cleaned_Data4[[#This Row],[Email]]) -> user168@example.com | U7: Department | V7: Un-known
A8: =Cleaned_Data4[[#This Row],[Employee ID]] -> EMP1004 | B8: =IF(Cleaned_Data4[[#This Row],[Names]]="","Un-known",Cleaned_Data4[[#This Row],[Names]]) -> Jane Smith | C8: =IF(Cleaned_Data4[[#This Row],[Department]]="","Un-known",Cleaned_Data4[[#This Row],[Department]]) -> Sales | D8: =IF(Cleaned_Data4[[#This Row],[Country]]="","Un-known",Cleaned_Data4[[#This Row],[Country]]) -> Germany | E8: =IF(Cleaned_Data4[[#This Row],[Salary]]="N/A","0",Cleaned_Data4[[#This Row],[Salary]]) -> 64120 | F8: =IF(Cleaned_Data4[[#This Row],[Date of Joining]]="","Un-known",Cleaned_Data4[[#This Row],[Date of Joining]]) -> 42036 | G8: =IF(Cleaned_Data4[[#This Row],[Performance Rating]]="","N/A",Cleaned_Data4[[#This Row],[Performance Rating]]) -> 1 | H8: =IF(Cleaned_Data4[[#This Row],[Gender]]="","Un-known",Cleaned_Data4[[#This Row],[Gender]]) -> Male | I8: =IF(Cleaned_Data4[[#This Row],[Email]]="","invalid_email",Cleaned_Data4[[#This Row],[Email]]) -> user49@example.com | K8: Department Names | L8: No. of Employee in Each Department | U8: Country | V8: Un-known
A9: =Cleaned_Data4[[#This Row],[Employee ID]] -> EMP1005 | B9: =IF(Cleaned_Data4[[#This Row],[Names]]="","Un-known",Cleaned_Data4[[#This Row],[Names]]) -> Alice Brown | C9: =IF(Cleaned_Data4[[#This Row],[Department]]="","Un-known",Cleaned_Data4[[#This Row],[Department]]) -> IT | D9: =IF(Cleaned_Data4[[#This Row],[Country]]="","Un-known",Cleaned_Data4[[#This Row],[Country]]) -> India | E9: =IF(Cleaned_Data4[[#This Row],[Salary]]="N/A","0",Cleaned_Data4[[#This Row],[Salary]]) -> 78421 | F9: =IF(Cleaned_Data4[[#This Row],[Date of Joining]]="","Un-known",Cleaned_Data4[[#This Row],[Date of Joining]]) -> 42043 | G9: =IF(Cleaned_Data4[[#This Row],[Performance Rating]]="","N/A",Cleaned_Data4[[#This Row],[Performance Rating]]) -> 2 | H9: =IF(Cleaned_Data4[[#This Row],[Gender]]="","Un-known",Cleaned_Data4[[#This Row],[Gender]]) -> Female | I9: =IF(Cleaned_Data4[[#This Row],[Email]]="","invalid_email",Cleaned_Data4[[#This Row],[Email]]) -> user24@example.com | O9: UNIQUE() utilised to determine the distinct values in Depatment column. | U9: Salary | V9: 0
A10: =Cleaned_Data4[[#This Row],[Employee ID]] -> EMP1006 | B10: =IF(Cleaned_Data4[[#This Row],[Names]]="","Un-known",Cleaned_Data4[[#This Row],[Names]]) -> Sam Wilson | C10: =IF(Cleaned_Data4[[#This Row],[Department]]="","Un-known",Cleaned_Data4[[#This Row],[Department]]) -> Sales | D10: =IF(Cleaned_Data4[[#This Row],[Country]]="","Un-known",Cleaned_Data4[[#This Row],[Country]]) -> Un-known | E10: =IF(Cleaned_Data4[[#This Row],[Salary]]="N/A","0",Cleaned_Data4[[#This Row],[Salary]]) -> 67721 | F10: =IF(Cleaned_Data4[[#This Row],[Date of Joining]]="","Un-known",Cleaned_Data4[[#This Row],[Date of Joining]]) -> 42050 | G10: =IF(Cleaned_Data4[[#This Row],[Performance Rating]]="","N/A",Cleaned_Data4[[#This Row],[Performance Rating]]) -> N/A | H10: =IF(Cleaned_Data4[[#This Row],[Gender]]="","Un-known",Cleaned_Data4[[#This Row],[Gender]]) -> Male | I10: =IF(Cleaned_Data4[[#This Row],[Email]]="","invalid_email",Cleaned_Data4[[#This Row],[Email]]) -> user168@example.com | K10: {=_xlfn.UNIQUE(Cleaned_Data4[Department])} -> Finance | L10: =COUNTIF('Raw data for day3'!C4:C153,K10) -> 22 | U10: Date of Joining | V10: Un-known
A11: =Cleaned_Data4[[#This Row],[Employee ID]] -> EMP1007 | B11: =IF(Cleaned_Data4[[#This Row],[Names]]="","Un-known",Cleaned_Data4[[#This Row],[Names]]) -> Chris Lee | C11: =IF(Cleaned_Data4[[#This Row],[Department]]="","Un-known",Cleaned_Data4[[#This Row],[Department]]) -> Marketing | D11: =IF(Cleaned_Data4[[#This Row],[Country]]="","Un-known",Cleaned_Data4[[#This Row],[Country]]) -> Un-known | E11: =IF(Cleaned_Data4[[#This Row],[Salary]]="N/A","0",Cleaned_Data4[[#This Row],[Salary]]) -> 35364 | F11: =IF(Cleaned_Data4[[#This Row],[Date of Joining]]="","Un-known",Cleaned_Data4[[#This Row],[Date of Joining]]) -> 42057 | G11: =IF(Cleaned_Data4[[#This Row],[Performance Rating]]="","N/A",Cleaned_Data4[[#This Row],[Performance Rating]]) -> 2 | H11: =IF(Cleaned_Data4[[#This Row],[Gender]]="","Un-known",Cleaned_Data4[[#This Row],[Gender]]) -> Other | I11: =IF(Cleaned_Data4[[#This Row],[Email]]="","invalid_email",Cleaned_Data4[[#This Row],[Email]]) -> user26@example.com | K11: HR | L11: =COUNTIF('Raw data for day3'!$C$4:$C$153,K11) -> 24 | O11: COUNTIF() was used to identify No. of employees in each deaprtment. | U11: Performance Rating | V11: N/A
A12: =Cleaned_Data4[[#This Row],[Employee ID]] -> EMP1008 | B12: =IF(Cleaned_Data4[[#This Row],[Names]]="","Un-known",Cleaned_Data4[[#This Row],[Names]]) -> Alice Brown | C12: =IF(Cleaned_Data4[[#This Row],[Department]]="","Un-known",Cleaned_Data4[[#This Row],[Department]]) -> IT | D12: =IF(Cleaned_Data4[[#This Row],[Country]]="","Un-known",Cleaned_Data4[[#This Row],[Country]]) -> Germany | E12: =IF(Cleaned_Data4[[#This Row],[Salary]]="N/A","0",Cleaned_Data4[[#This Row],[Salary]]) -> 97881 | F12: =IF(Cleaned_Data4[[#This Row],[Date of Joining]]="","Un-known",Cleaned_Data4[[#This Row],[Date of Joining]]) -> 42064 | G12: =IF(Cleaned_Data4[[#This Row],[Performance Rating]]="","N/A",Cleaned_Data4[[#This Row],[Performance Rating]]) -> N/A | H12: =IF(Cleaned_Data4[[#This Row],[Gender]]="","Un-known",Cleaned_Data4[[#This Row],[Gender]]) -> Female | I12: =IF(Cleaned_Data4[[#This Row],[Email]]="","invalid_email",Cleaned_Data4[[#This Row],[Email]]) -> user25@example.com | K12: Sales | L12: =COUNTIF('Raw data for day3'!$C$4:$C$153,K12) -> 26 | U12: Gender | V12: Un-known
A13: =Cleaned_Data4[[#This Row],[Employee ID]] -> EMP1009 | B13: =IF(Cleaned_Data4[[#This Row],[Names]]="","Un-known",Cleaned_Data4[[#This Row],[Names]]) -> Chris Lee | C13: =IF(Cleaned_Data4[[#This Row],[Department]]="","Un-known",Cleaned_Data4[[#This Row],[Department]]) -> HR | D13: =IF(Cleaned_Data4[[#This Row],[Country]]="","Un-known",Cleaned_Data4[[#This Row],[Country]]) -> UK | E13: =IF(Cleaned_Data4[[#This Row],[Salary]]="N/A","0",Cleaned_Data4[[#This Row],[Salary]]) -> 91846 | F13: =IF(Cleaned_Data4[[#This Row],[Date of Joining]]="","Un-known",Cleaned_Data4[[#This Row],[Date of Joining]]) -> 42071 | G13: =IF(Cleaned_Data4[[#This Row],[Performance Rating]]="","N/A",Cleaned_Data4[[#This Row],[Performance Rating]]) -> N/A | H13: =IF(Cleaned_Data4[[#This Row],[Gender]]="","Un-known",Cleaned_Data4[[#This Row],[Gender]]) -> Male | I13: =IF(Cleaned_Data4[[#This Row],[Email]]="","invalid_email",Cleaned_Data4[[#This Row],[Email]]) -> user153@example.com | K13: IT | L13: =COUNTIF('Raw data for day3'!$C$4:$C$153,K13) -> 25 | O13: SUM() was used to aggregate the total no.of employees in each department. | U13: Email | V13: Not Imputed bcz it has no blank cell.
A14: =Cleaned_Data4[[#This Row],[Employee ID]] -> EMP1010 | B14: =IF(Cleaned_Data4[[#This Row],[Names]]="","Un-known",Cleaned_Data4[[#This Row],[Names]]) -> Sam Wilson | C14: =IF(Cleaned_Data4[[#This Row],[Department]]="","Un-known",Cleaned_Data4[[#This Row],[Department]]) -> Finance | D14: =IF(Cleaned_Data4[[#This Row],[Country]]="","Un-known",Cleaned_Data4[[#This Row],[Country]]) -> UK | E14: =IF(Cleaned_Data4[[#This Row],[Salary]]="N/A","0",Cleaned_Data4[[#This Row],[Salary]]) -> 64247 | F14: =IF(Cleaned_Data4[[#This Row],[Date of Joining]]="","Un-known",Cleaned_Data4[[#This Row],[Date of Joining]]) -> 42078 | G14: =IF(Cleaned_Data4[[#This Row],[Performance Rating]]="","N/A",Cleaned_Data4[[#This Row],[Performance Rating]]) -> 1 | H14: =IF(Cleaned_Data4[[#This Row],[Gender]]="","Un-known",Cleaned_Data4[[#This Row],[Gender]]) -> Female | I14: =IF(Cleaned_Data4[[#This Row],[Email]]="","invalid_email",Cleaned_Data4[[#This Row],[Email]]) -> user18@example.com | K14: Marketing | L14: =COUNTIF('Raw data for day3'!$C$4:$C$153,K14) -> 29 | U14: Employee Id
A15: =Cleaned_Data4[[#This Row],[Employee ID]] -> EMP1011 | B15: =IF(Cleaned_Data4[[#This Row],[Names]]="","Un-known",Cleaned_Data4[[#This Row],[Names]]) -> Sam Wilson | C15: =IF(Cleaned_Data4[[#This Row],[Department]]="","Un-known",Cleaned_Data4[[#This Row],[Department]]) -> IT | D15: =IF(Cleaned_Data4[[#This Row],[Country]]="","Un-known",Cleaned_Data4[[#This Row],[Country]]) -> USA | E15: =IF(Cleaned_Data4[[#This Row],[Salary]]="N/A","0",Cleaned_Data4[[#This Row],[Salary]]) -> 91180 | F15: =IF(Cleaned_Data4[[#This Row],[Date of Joining]]="","Un-known",Cleaned_Data4[[#This Row],[Date of Joining]]) -> 42085 | G15: =IF(Cleaned_Data4[[#This Row],[Performance Rating]]="","N/A",Cleaned_Data4[[#This Row],[Performance Rating]]) -> 5 | H15: =IF(Cleaned_Data4[[#This Row],[Gender]]="","Un-known",Cleaned_Data4[[#This Row],[Gender]]) -> Male | I15: =IF(Cleaned_Data4[[#This Row],[Email]]="","invalid_email",Cleaned_Data4[[#This Row],[Email]]) -> user1@example.com | L15: =COUNTIF('Raw data for day3'!$C$4:$C$153,K15) -> 24
A16: =Cleaned_Data4[[#This Row],[Employee ID]] -> EMP1012 | B16: =IF(Cleaned_Data4[[#This Row],[Names]]="","Un-known",Cleaned_Data4[[#This Row],[Names]]) -> Bob Johnson | C16: =IF(Cleaned_Data4[[#This Row],[Department]]="","Un-known",Cleaned_Data4[[#This Row],[Department]]) -> Sales | D16: =IF(Cleaned_Data4[[#This Row],[Country]]="","Un-known",Cleaned_Data4[[#This Row],[Country]]) -> Un-known | E16: =IF(Cleaned_Data4[[#This Row],[Salary]]="N/A","0",Cleaned_Data4[[#This Row],[Salary]]) -> 96418 | F16: =IF(Cleaned_Data4[[#This Row],[Date of Joining]]="","Un-known",Cleaned_Data4[[#This Row],[Date of Joining]]) -> 42092 | G16: =IF(Cleaned_Data4[[#This Row],[Performance Rating]]="","N/A",Cleaned_Data4[[#This Row],[Performance Rating]]) -> 5 | H16: =IF(Cleaned_Data4[[#This Row],[Gender]]="","Un-known",Cleaned_Data4[[#This Row],[Gender]]) -> Male | I16: =IF(Cleaned_Data4[[#This Row],[Email]]="","invalid_email",Cleaned_Data4[[#This Row],[Email]]) -> user106@example.com | K16: Total | L16: =SUM(L10:M15) -> 150
A17: =Cleaned_Data4[[#This Row],[Employee ID]] -> EMP1013 | B17: =IF(Cleaned_Data4[[#This Row],[Names]]="","Un-known",Cleaned_Data4[[#This Row],[Names]]) -> Sam Wilson | C17: =IF(Cleaned_Data4[[#This Row],[Department]]="","Un-known",Cleaned_Data4[[#This Row],[Department]]) -> Un-known | D17: =IF(Cleaned_Data4[[#This Row],[Country]]="","Un-known",Cleaned_Data4[[#This Row],[Country]]) -> India | E17: =IF(Cleaned_Data4[[#This Row],[Salary]]="N/A","0",Cleaned_Data4[[#This Row],[Salary]]) -> 62158 | F17: =IF(Cleaned_Data4[[#This Row],[Date of Joining]]="","Un-known",Cleaned_Data4[[#This Row],[Date of Joining]]) -> 42099 | G17: =IF(Cleaned_Data4[[#This Row],[Performance Rating]]="","N/A",Cleaned_Data4[[#This Row],[Performance Rating]]) -> 4 | H17: =IF(Cleaned_Data4[[#This Row],[Gender]]="","Un-known",Cleaned_Data4[[#This Row],[Gender]]) -> Un-known | I17: =IF(Cleaned_Data4[[#This Row],[Email]]="","invalid_email",Cleaned_Data4[[#This Row],[Email]]) -> user180@example.com
A18: =Cleaned_Data4[[#This Row],[Employee ID]] -> EMP1014 | B18: =IF(Cleaned_Data4[[#This Row],[Names]]="","Un-known",Cleaned_Data4[[#This Row],[Names]]) -> Jane Smith | C18: =IF(Cleaned_Data4[[#This Row],[Department]]="","Un-known",Cleaned_Data4[[#This Row],[Department]]) -> HR | D18: =IF(Cleaned_Data4[[#This Row],[Country]]="","Un-known",Cleaned_Data4[[#This Row],[Country]]) -> Un-known | E18: =IF(Cleaned_Data4[[#This Row],[Salary]]="N/A","0",Cleaned_Data4[[#This Row],[Salary]]) -> 59894 | F18: =IF(Cleaned_Data4[[#This Row],[Date of Joining]]="","Un-known",Cleaned_Data4[[#This Row],[Date of Joining]]) -> 42106 | G18: =IF(Cleaned_Data4[[#This Row],[Performance Rating]]="","N/A",Cleaned_Data4[[#This Row],[Performance Rating]]) -> 2 | H18: =IF(Cleaned_Data4[[#This Row],[Gender]]="","Un-known",Cleaned_Data4[[#This Row],[Gender]]) -> Male | I18: =IF(Cleaned_Data4[[#This Row],[Email]]="","invalid_email",Cleaned_Data4[[#This Row],[Email]]) -> user184@example.com
A19: =Cleaned_Data4[[#This Row],[Employee ID]] -> EMP1015 | B19: =IF(Cleaned_Data4[[#This Row],[Names]]="","Un-known",Cleaned_Data4[[#This Row],[Names]]) -> Un-known | C19: =IF(Cleaned_Data4[[#This Row],[Department]]="","Un-known",Cleaned_Data4[[#This Row],[Department]]) -> IT | D19: =IF(Cleaned_Data4[[#This Row],[Country]]="","Un-known",Cleaned_Data4[[#This Row],[Country]]) -> India | E19: =IF(Cleaned_Data4[[#This Row],[Salary]]="N/A","0",Cleaned_Data4[[#This Row],[Salary]]) -> 92443 | F19: =IF(Cleaned_Data4[[#This Row],[Date of Joining]]="","Un-known",Cleaned_Data4[[#This Row],[Date of Joining]]) -> 42113 | G19: =IF(Cleaned_Data4[[#This Row],[Performance Rating]]="","N/A",Cleaned_Data4[[#This Row],[Performance Rating]]) -> 3 | H19: =IF(Cleaned_Data4[[#This Row],[Gender]]="","Un-known",Cleaned_Data4[[#This Row],[Gender]]) -> Other | I19: =IF(Cleaned_Data4[[#This Row],[Email]]="","invalid_email",Cleaned_Data4[[#This Row],[Email]]) -> user3@example.com | K19: Unique values in COUNTRY column
A20: =Cleaned_Data4[[#This Row],[Employee ID]] -> EMP1016 | B20: =IF(Cleaned_Data4[[#This Row],[Names]]="","Un-known",Cleaned_Data4[[#This Row],[Names]]) -> Bob Johnson | C20: =IF(Cleaned_Data4[[#This Row],[Department]]="","Un-known",Cleaned_Data4[[#This Row],[Department]]) -> Un-known | D20: =IF(Cleaned_Data4[[#This Row],[Country]]="","Un-known",Cleaned_Data4[[#This Row],[Country]]) -> Germany | E20: =IF(Cleaned_Data4[[#This Row],[Salary]]="N/A","0",Cleaned_Data4[[#This Row],[Salary]]) -> 90271 | F20: =IF(Cleaned_Data4[[#This Row],[Date of Joining]]="","Un-known",Cleaned_Data4[[#This Row],[Date of Joining]]) -> 42120 | G20: =IF(Cleaned_Data4[[#This Row],[Performance Rating]]="","N/A",Cleaned_Data4[[#This Row],[Performance Rating]]) -> N/A | H20: =IF(Cleaned_Data4[[#This Row],[Gender]]="","Un-known",Cleaned_Data4[[#This Row],[Gender]]) -> Un-known | I20: =IF(Cleaned_Data4[[#This Row],[Email]]="","invalid_email",Cleaned_Data4[[#This Row],[Email]]) -> user64@example.com
A21: =Cleaned_Data4[[#This Row],[Employee ID]] -> EMP1017 | B21: =IF(Cleaned_Data4[[#This Row],[Names]]="","Un-known",Cleaned_Data4[[#This Row],[Names]]) -> Jane Smith | C21: =IF(Cleaned_Data4[[#This Row],[Department]]="","Un-known",Cleaned_Data4[[#This Row],[Department]]) -> Finance | D21: =IF(Cleaned_Data4[[#This Row],[Country]]="","Un-known",Cleaned_Data4[[#This Row],[Country]]) -> Australia | E21: =IF(Cleaned_Data4[[#This Row],[Salary]]="N/A","0",Cleaned_Data4[[#This Row],[Salary]]) -> 41341 | F21: =IF(Cleaned_Data4[[#This Row],[Date of Joining]]="","Un-known",Cleaned_Data4[[#This Row],[Date of Joining]]) -> 42127 | G21: =IF(Cleaned_Data4[[#This Row],[Performance Rating]]="","N/A",Cleaned_Data4[[#This Row],[Performance Rating]]) -> 1 | H21: =IF(Cleaned_Data4[[#This Row],[Gender]]="","Un-known",Cleaned_Data4[[#This Row],[Gender]]) -> Other | I21: =IF(Cleaned_Data4[[#This Row],[Email]]="","invalid_email",Cleaned_Data4[[#This Row],[Email]]) -> user38@example.com | K21: Country | L21: No. of Employee from Each country
A22: =Cleaned_Data4[[#This Row],[Employee ID]] -> EMP1018 | B22: =IF(Cleaned_Data4[[#This Row],[Names]]="","Un-known",Cleaned_Data4[[#This Row],[Names]]) -> Alice Brown | C22: =IF(Cleaned_Data4[[#This Row],[Department]]="","Un-known",Cleaned_Data4[[#This Row],[Department]]) -> Finance | D22: =IF(Cleaned_Data4[[#This Row],[Country]]="","Un-known",Cleaned_Data4[[#This Row],[Country]]) -> UK | E22: =IF(Cleaned_Data4[[#This Row],[Salary]]="N/A","0",Cleaned_Data4[[#This Row],[Salary]]) -> 73602 | F22: =IF(Cleaned_Data4[[#This Row],[Date of Joining]]="","Un-known",Cleaned_Data4[[#This Row],[Date of Joining]]) -> 42134 | G22: =IF(Cleaned_Data4[[#This Row],[Performance Rating]]="","N/A",Cleaned_Data4[[#This Row],[Performance Rating]]) -> N/A | H22: =IF(Cleaned_Data4[[#This Row],[Gender]]="","Un-known",Cleaned_Data4[[#This Row],[Gender]]) -> Un-known | I22: =IF(Cleaned_Data4[[#This Row],[Email]]="","invalid_email",Cleaned_Data4[[#This Row],[Email]]) -> user96@example.com
A23: =Cleaned_Data4[[#This Row],[Employee ID]] -> EMP1019 | B23: =IF(Cleaned_Data4[[#This Row],[Names]]="","Un-known",Cleaned_Data4[[#This Row],[Names]]) -> Eve Adams | C23: =IF(Cleaned_Data4[[#This Row],[Department]]="","Un-known",Cleaned_Data4[[#This Row],[Department]]) -> Un-known | D23: =IF(Cleaned_Data4[[#This Row],[Country]]="","Un-known",Cleaned_Data4[[#This Row],[Country]]) -> India | E23: =IF(Cleaned_Data4[[#This Row],[Salary]]="N/A","0",Cleaned_Data4[[#This Row],[Salary]]) -> 67531 | F23: =IF(Cleaned_Data4[[#This Row],[Date of Joining]]="","Un-known",Cleaned_Data4[[#This Row],[Date of Joining]]) -> 42141 | G23: =IF(Cleaned_Data4[[#This Row],[Performance Rating]]="","N/A",Cleaned_Data4[[#This Row],[Performance Rating]]) -> 5 | H23: =IF(Cleaned_Data4[[#This Row],[Gender]]="","Un-known",Cleaned_Data4[[#This Row],[Gender]]) -> Female | I23: =IF(Cleaned_Data4[[#This Row],[Email]]="","invalid_email",Cleaned_Data4[[#This Row],[Email]]) -> user151@example.com | K23: {=_xlfn.UNIQUE(Cleaned_Data4[Country])} | L23: =COUNTIF('Raw data for day3'!$D$4:$D$153,K23) -> 31 | O23: UNIQUE() used to list the distinct values in Country column.
A24: =Cleaned_Data4[[#This Row],[Employee ID]] -> EMP1020 | B24: =IF(Cleaned_Data4[[#This Row],[Names]]="","Un-known",Cleaned_Data4[[#This Row],[Names]]) -> Jane Smith | C24: =IF(Cleaned_Data4[[#This Row],[Department]]="","Un-known",Cleaned_Data4[[#This Row],[Department]]) -> HR | D24: =IF(Cleaned_Data4[[#This Row],[Country]]="","Un-known",Cleaned_Data4[[#This Row],[Country]]) -> USA | E24: =IF(Cleaned_Data4[[#This Row],[Salary]]="N/A","0",Cleaned_Data4[[#This Row],[Salary]]) -> 0 | F24: =IF(Cleaned_Data4[[#This Row],[Date of Joining]]="","Un-known",Cleaned_Data4[[#This Row],[Date of Joining]]) -> 42148 | G24: =IF(Cleaned_Data4[[#This Row],[Performance Rating]]="","N/A",Cleaned_Data4[[#This Row],[Performance Rating]]) -> 2 | H24: =IF(Cleaned_Data4[[#This Row],[Gender]]="","Un-known",Cleaned_Data4[[#This Row],[Gender]]) -> Other | I24: =IF(Cleaned_Data4[[#This Row],[Email]]="","invalid_email",Cleaned_Data4[[#This Row],[Email]]) -> user200@example.com | K24: Germany | L24: =COUNTIF('Raw data for day3'!$D$4:$D$153,K24) -> 23 | O24: COUNTIF() applied to determine the total No. of Employees in each country.
A25: =Cleaned_Data4[[#This Row],[Employee ID]] -> EMP1021 | B25: =IF(Cleaned_Data4[[#This Row],[Names]]="","Un-known",Cleaned_Data4[[#This Row],[Names]]) -> Jane Smith | C25: =IF(Cleaned_Data4[[#This Row],[Department]]="","Un-known",Cleaned_Data4[[#This Row],[Department]]) -> HR | D25: =IF(Cleaned_Data4[[#This Row],[Country]]="","Un-known",Cleaned_Data4[[#This Row],[Country]]) -> Un-known | E25: =IF(Cleaned_Data4[[#This Row],[Salary]]="N/A","0",Cleaned_Data4[[#This Row],[Salary]]) -> 98922 | F25: =IF(Cleaned_Data4[[#This Row],[Date of Joining]]="","Un-known",Cleaned_Data4[[#This Row],[Date of Joining]]) -> 42155 | G25: =IF(Cleaned_Data4[[#This Row],[Performance Rating]]="","N/A",Cleaned_Data4[[#This Row],[Performance Rating]]) -> 4 | H25: =IF(Cleaned_Data4[[#This Row],[Gender]]="","Un-known",Cleaned_Data4[[#This Row],[Gender]]) -> Un-known | I25: =IF(Cleaned_Data4[[#This Row],[Email]]="","invalid_email",Cleaned_Data4[[#This Row],[Email]]) -> user77@example.com | K25: USA | L25: =COUNTIF('Raw data for day3'!$D$4:$D$153,K25) -> 24
A26: =Cleaned_Data4[[#This Row],[Employee ID]] -> EMP1022 | B26: =IF(Cleaned_Data4[[#This Row],[Names]]="","Un-known",Cleaned_Data4[[#This Row],[Names]]) -> Eve Adams | C26: =IF(Cleaned_Data4[[#This Row],[Department]]="","Un-known",Cleaned_Data4[[#This Row],[Department]]) -> Finance | D26: =IF(Cleaned_Data4[[#This Row],[Country]]="","Un-known",Cleaned_Data4[[#This Row],[Country]]) -> India | E26: =IF(Cleaned_Data4[[#This Row],[Salary]]="N/A","0",Cleaned_Data4[[#This Row],[Salary]]) -> 38333 | F26: =IF(Cleaned_Data4[[#This Row],[Date of Joining]]="","Un-known",Cleaned_Data4[[#This Row],[Date of Joining]]) -> 42162 | G26: =IF(Cleaned_Data4[[#This Row],[Performance Rating]]="","N/A",Cleaned_Data4[[#This Row],[Performance Rating]]) -> 5 | H26: =IF(Cleaned_Data4[[#This Row],[Gender]]="","Un-known",Cleaned_Data4[[#This Row],[Gender]]) -> Un-known | I26: =IF(Cleaned_Data4[[#This Row],[Email]]="","invalid_email",Cleaned_Data4[[#This Row],[Email]]) -> user128@example.com | K26: India | L26: =COUNTIF('Raw data for day3'!$D$4:$D$153,K26) -> 28 | O26: SUM() applied to determine the overall employee count for all Country.
A27: =Cleaned_Data4[[#This Row],[Employee ID]] -> EMP1023 | B27: =IF(Cleaned_Data4[[#This Row],[Names]]="","Un-known",Cleaned_Data4[[#This Row],[Names]]) -> Alice Brown | C27: =IF(Cleaned_Data4[[#This Row],[Department]]="","Un-known",Cleaned_Data4[[#This Row],[Department]]) -> Marketing | D27: =IF(Cleaned_Data4[[#This Row],[Country]]="","Un-known",Cleaned_Data4[[#This Row],[Country]]) -> UK | E27: =IF(Cleaned_Data4[[#This Row],[Salary]]="N/A","0",Cleaned_Data4[[#This Row],[Salary]]) -> 36515 | F27: =IF(Cleaned_Data4[[#This Row],[Date of Joining]]="","Un-known",Cleaned_Data4[[#This Row],[Date of Joining]]) -> 42169 | G27: =IF(Cleaned_Data4[[#This Row],[Performance Rating]]="","N/A",Cleaned_Data4[[#This Row],[Performance Rating]]) -> 3 | H27: =IF(Cleaned_Data4[[#This Row],[Gender]]="","Un-known",Cleaned_Data4[[#This Row],[Gender]]) -> Male | I27: =IF(Cleaned_Data4[[#This Row],[Email]]="","invalid_email",Cleaned_Data4[[#This Row],[Email]]) -> user149@example.com | K27: UK | L27: =COUNTIF('Raw data for day3'!$D$4:$D$153,K27) -> 25
A28: =Cleaned_Data4[[#This Row],[Employee ID]] -> EMP1024 | B28: =IF(Cleaned_Data4[[#This Row],[Names]]="","Un-known",Cleaned_Data4[[#This Row],[Names]]) -> Sam Wilson | C28: =IF(Cleaned_Data4[[#This Row],[Department]]="","Un-known",Cleaned_Data4[[#This Row],[Department]]) -> Finance | D28: =IF(Cleaned_Data4[[#This Row],[Country]]="","Un-known",Cleaned_Data4[[#This Row],[Country]]) -> Un-known | E28: =IF(Cleaned_Data4[[#This Row],[Salary]]="N/A","0",Cleaned_Data4[[#This Row],[Salary]]) -> 91005 | F28: =IF(Cleaned_Data4[[#This Row],[Date of Joining]]="","Un-known",Cleaned_Data4[[#This Row],[Date of Joining]]) -> 42176 | G28: =IF(Cleaned_Data4[[#This Row],[Performance Rating]]="","N/A",Cleaned_Data4[[#This Row],[Performance Rating]]) -> 1 | H28: =IF(Cleaned_Data4[[#This Row],[Gender]]="","Un-known",Cleaned_Data4[[#This Row],[Gender]]) -> Other | I28: =IF(Cleaned_Data4[[#This Row],[Email]]="","invalid_email",Cleaned_Data4[[#This Row],[Email]]) -> user122@example.com | K28: Australia | L28: =COUNTIF('Raw data for day3'!$D$4:$D$153,K28) -> 19
A29: =Cleaned_Data4[[#This Row],[Employee ID]] -> EMP1025 | B29: =IF(Cleaned_Data4[[#This Row],[Names]]="","Un-known",Cleaned_Data4[[#This Row],[Names]]) -> Chris Lee | C29: =IF(Cleaned_Data4[[#This Row],[Department]]="","Un-known",Cleaned_Data4[[#This Row],[Department]]) -> Un-known | D29: =IF(Cleaned_Data4[[#This Row],[Country]]="","Un-known",Cleaned_Data4[[#This Row],[Country]]) -> Un-known | E29: =IF(Cleaned_Data4[[#This Row],[Salary]]="N/A","0",Cleaned_Data4[[#This Row],[Salary]]) -> 52272 | F29: =IF(Cleaned_Data4[[#This Row],[Date of Joining]]="","Un-known",Cleaned_Data4[[#This Row],[Date of Joining]]) -> 42183 | G29: =IF(Cleaned_Data4[[#This Row],[Performance Rating]]="","N/A",Cleaned_Data4[[#This Row],[Performance Rating]]) -> 3 | H29: =IF(Cleaned_Data4[[#This Row],[Gender]]="","Un-known",Cleaned_Data4[[#This Row],[Gender]]) -> Un-known | I29: =IF(Cleaned_Data4[[#This Row],[Email]]="","invalid_email",Cleaned_Data4[[#This Row],[Email]]) -> user41@example.com | K29: Total | L29: =SUM(L23:M28) -> 150
A30: =Cleaned_Data4[[#This Row],[Employee ID]] -> EMP1026 | B30: =IF(Cleaned_Data4[[#This Row],[Names]]="","Un-known",Cleaned_Data4[[#This Row],[Names]]) -> Eve Adams | C30: =IF(Cleaned_Data4[[#This Row],[Department]]="","Un-known",Cleaned_Data4[[#This Row],[Department]]) -> Sales | D30: =IF(Cleaned_Data4[[#This Row],[Country]]="","Un-known",Cleaned_Data4[[#This Row],[Country]]) -> Germany | E30: =IF(Cleaned_Data4[[#This Row],[Salary]]="N/A","0",Cleaned_Data4[[#This Row],[Salary]]) -> 76518 | F30: =IF(Cleaned_Data4[[#This Row],[Date of Joining]]="","Un-known",Cleaned_Data4[[#This Row],[Date of Joining]]) -> 42190 | G30: =IF(Cleaned_Data4[[#This Row],[Performance Rating]]="","N/A",Cleaned_Data4[[#This Row],[Performance Rating]]) -> 2 | H30: =IF(Cleaned_Data4[[#This Row],[Gender]]="","Un-known",Cleaned_Data4[[#This Row],[Gender]]) -> Female | I30: =IF(Cleaned_Data4[[#This Row],[Email]]="","invalid_email",Cleaned_Data4[[#This Row],[Email]]) -> user68@example.com
A31: =Cleaned_Data4[[#This Row],[Employee ID]] -> EMP1027 | B31: =IF(Cleaned_Data4[[#This Row],[Names]]="","Un-known",Cleaned_Data4[[#This Row],[Names]]) -> Alice Brown | C31: =IF(Cleaned_Data4[[#This Row],[Department]]="","Un-known",Cleaned_Data4[[#This Row],[Department]]) -> IT | D31: =IF(Cleaned_Data4[[#This Row],[Country]]="","Un-known",Cleaned_Data4[[#This Row],[Country]]) -> UK | E31: =IF(Cleaned_Data4[[#This Row],[Salary]]="N/A","0",Cleaned_Data4[[#This Row],[Salary]]) -> 41448 | F31: =IF(Cleaned_Data4[[#This Row],[Date of Joining]]="","Un-known",Cleaned_Data4[[#This Row],[Date of Joining]]) -> 42197 | G31: =IF(Cleaned_Data4[[#This Row],[Performance Rating]]="","N/A",Cleaned_Data4[[#This Row],[Performance Rating]]) -> 3 | H31: =IF(Cleaned_Data4[[#This Row],[Gender]]="","Un-known",Cleaned_Data4[[#This Row],[Gender]]) -> Other | I31: =IF(Cleaned_Data4[[#This Row],[Email]]="","invalid_email",Cleaned_Data4[[#This Row],[Email]]) -> user103@example.com
A32: =Cleaned_Data4[[#This Row],[Employee ID]] -> EMP1028 | B32: =IF(Cleaned_Data4[[#This Row],[Names]]="","Un-known",Cleaned_Data4[[#This Row],[Names]]) -> John Doe | C32: =IF(Cleaned_Data4[[#This Row],[Department]]="","Un-known",Cleaned_Data4[[#This Row],[Department]]) -> HR | D32: =IF(Cleaned_Data4[[#This Row],[Country]]="","Un-known",Cleaned_Data4[[#This Row],[Country]]) -> UK | E32: =IF(Cleaned_Data4[[#This Row],[Salary]]="N/A","0",Cleaned_Data4[[#This Row],[Salary]]) -> 49282 | F32: =IF(Cleaned_Data4[[#This Row],[Date of Joining]]="","Un-known",Cleaned_Data4[[#This Row],[Date of Joining]]) -> 42204 | G32: =IF(Cleaned_Data4[[#This Row],[Performance Rating]]="","N/A",Cleaned_Data4[[#This Row],[Performance Rating]]) -> 2 | H32: =IF(Cleaned_Data4[[#This Row],[Gender]]="","Un-known",Cleaned_Data4[[#This Row],[Gender]]) -> Female | I32: =IF(Cleaned_Data4[[#This Row],[Email]]="","invalid_email",Cleaned_Data4[[#This Row],[Email]]) -> user135@example.com | K32: Unique values in PERFORMANCE RATING column
A33: =Cleaned_Data4[[#This Row],[Employee ID]] -> EMP1029 | B33: =IF(Cleaned_Data4[[#This Row],[Names]]="","Un-known",Cleaned_Data4[[#This Row],[Names]]) -> Bob Johnson | C33: =IF(Cleaned_Data4[[#This Row],[Department]]="","Un-known",Cleaned_Data4[[#This Row],[Department]]) -> Marketing | D33: =IF(Cleaned_Data4[[#This Row],[Country]]="","Un-known",Cleaned_Data4[[#This Row],[Country]]) -> UK | E33: =IF(Cleaned_Data4[[#This Row],[Salary]]="N/A","0",Cleaned_Data4[[#This Row],[Salary]]) -> 92959 | F33: =IF(Cleaned_Data4[[#This Row],[Date of Joining]]="","Un-known",Cleaned_Data4[[#This Row],[Date of Joining]]) -> 42211 | G33: =IF(Cleaned_Data4[[#This Row],[Performance Rating]]="","N/A",Cleaned_Data4[[#This Row],[Performance Rating]]) -> 5 | H33: =IF(Cleaned_Data4[[#This Row],[Gender]]="","Un-known",Cleaned_Data4[[#This Row],[Gender]]) -> Un-known | I33: =IF(Cleaned_Data4[[#This Row],[Email]]="","invalid_email",Cleaned_Data4[[#This Row],[Email]]) -> user83@example.com
A34: =Cleaned_Data4[[#This Row],[Employee ID]] -> EMP1030 | B34: =IF(Cleaned_Data4[[#This Row],[Names]]="","Un-known",Cleaned_Data4[[#This Row],[Names]]) -> Un-known | C34: =IF(Cleaned_Data4[[#This Row],[Department]]="","Un-known",Cleaned_Data4[[#This Row],[Department]]) -> Marketing | D34: =IF(Cleaned_Data4[[#This Row],[Country]]="","Un-known",Cleaned_Data4[[#This Row],[Country]]) -> Un-known | E34: =IF(Cleaned_Data4[[#This Row],[Salary]]="N/A","0",Cleaned_Data4[[#This Row],[Salary]]) -> 92259 | F34: =IF(Cleaned_Data4[[#This Row],[Date of Joining]]="","Un-known",Cleaned_Data4[[#This Row],[Date of Joining]]) -> Un-known | G34: =IF(Cleaned_Data4[[#This Row],[Performance Rating]]="","N/A",Cleaned_Data4[[#This Row],[Performance Rating]]) -> 1 | H34: =IF(Cleaned_Data4[[#This Row],[Gender]]="","Un-known",Cleaned_Data4[[#This Row],[Gender]]) -> Unknown | I34: =IF(Cleaned_Data4[[#This Row],[Email]]="","invalid_email",Cleaned_Data4[[#This Row],[Email]]) -> user109@example.com | K34: Performance Rating | L34: Count of Performance Rating
A35: =Cleaned_Data4[[#This Row],[Employee ID]] -> EMP1031 | B35: =IF(Cleaned_Data4[[#This Row],[Names]]="","Un-known",Cleaned_Data4[[#This Row],[Names]]) -> Eve Adams | C35: =IF(Cleaned_Data4[[#This Row],[Department]]="","Un-known",Cleaned_Data4[[#This Row],[Department]]) -> HR | D35: =IF(Cleaned_Data4[[#This Row],[Country]]="","Un-known",Cleaned_Data4[[#This Row],[Country]]) -> Germany | E35: =IF(Cleaned_Data4[[#This Row],[Salary]]="N/A","0",Cleaned_Data4[[#This Row],[Salary]]) -> 92299 | F35: =IF(Cleaned_Data4[[#This Row],[Date of Joining]]="","Un-known",Cleaned_Data4[[#This Row],[Date of Joining]]) -> 42225 | G35: =IF(Cleaned_Data4[[#This Row],[Performance Rating]]="","N/A",Cleaned_Data4[[#This Row],[Performance Rating]]) -> 3 | H35: =IF(Cleaned_Data4[[#This Row],[Gender]]="","Un-known",Cleaned_Data4[[#This Row],[Gender]]) -> Male | I35: =IF(Cleaned_Data4[[#This Row],[Email]]="","invalid_email",Cleaned_Data4[[#This Row],[Email]]) -> user143@example.com
A36: =Cleaned_Data4[[#This Row],[Employee ID]] -> EMP1032 | B36: =IF(Cleaned_Data4[[#This Row],[Names]]="","Un-known",Cleaned_Data4[[#This Row],[Names]]) -> Sam Wilson | C36: =IF(Cleaned_Data4[[#This Row],[Department]]="","Un-known",Cleaned_Data4[[#This Row],[Department]]) -> HR | D36: =IF(Cleaned_Data4[[#This Row],[Country]]="","Un-known",Cleaned_Data4[[#This Row],[Country]]) -> Un-known | E36: =IF(Cleaned_Data4[[#This Row],[Salary]]="N/A","0",Cleaned_Data4[[#This Row],[Salary]]) -> 95586 | F36: =IF(Cleaned_Data4[[#This Row],[Date of Joining]]="","Un-known",Cleaned_Data4[[#This Row],[Date of Joining]]) -> 42232 | G36: =IF(Cleaned_Data4[[#This Row],[Performance Rating]]="","N/A",Cleaned_Data4[[#This Row],[Performance Rating]]) -> 3 | H36: =IF(Cleaned_Data4[[#This Row],[Gender]]="","Un-known",Cleaned_Data4[[#This Row],[Gender]]) -> Other | I36: =IF(Cleaned_Data4[[#This Row],[Email]]="","invalid_email",Cleaned_Data4[[#This Row],[Email]]) -> user190@example.com | K36: {=_xlfn.UNIQUE(Cleaned_Data4[Performance Rating])} -> 2 | L36: =COUNTIF('Raw data for day3'!$H$4:$H$153,K36) -> 23 | O36: Different performance rating scales were identified using the UNIQUE() function.
A37: =Cleaned_Data4[[#This Row],[Employee ID]] -> EMP1033 | B37: =IF(Cleaned_Data4[[#This Row],[Names]]="","Un-known",Cleaned_Data4[[#This Row],[Names]]) -> Chris Lee | C37: =IF(Cleaned_Data4[[#This Row],[Department]]="","Un-known",Cleaned_Data4[[#This Row],[Department]]) -> Un-known | D37: =IF(Cleaned_Data4[[#This Row],[Country]]="","Un-known",Cleaned_Data4[[#This Row],[Country]]) -> USA | E37: =IF(Cleaned_Data4[[#This Row],[Salary]]="N/A","0",Cleaned_Data4[[#This Row],[Salary]]) -> 95367 | F37: =IF(Cleaned_Data4[[#This Row],[Date of Joining]]="","Un-known",Cleaned_Data4[[#This Row],[Date of Joining]]) -> 42239 | G37: =IF(Cleaned_Data4[[#This Row],[Performance Rating]]="","N/A",Cleaned_Data4[[#This Row],[Performance Rating]]) -> N/A | H37: =IF(Cleaned_Data4[[#This Row],[Gender]]="","Un-known",Cleaned_Data4[[#This Row],[Gender]]) -> Male | I37: =IF(Cleaned_Data4[[#This Row],[Email]]="","invalid_email",Cleaned_Data4[[#This Row],[Email]]) -> user136@example.com | K37: 1 | L37: =COUNTIF('Raw data for day3'!$H$4:$H$153,K37) -> 30
A38: =Cleaned_Data4[[#This Row],[Employee ID]] -> EMP1034 | B38: =IF(Cleaned_Data4[[#This Row],[Names]]="","Un-known",Cleaned_Data4[[#This Row],[Names]]) -> John Doe | C38: =IF(Cleaned_Data4[[#This Row],[Department]]="","Un-known",Cleaned_Data4[[#This Row],[Department]]) -> Sales | D38: =IF(Cleaned_Data4[[#This Row],[Country]]="","Un-known",Cleaned_Data4[[#This Row],[Country]]) -> Australia | E38: =IF(Cleaned_Data4[[#This Row],[Salary]]="N/A","0",Cleaned_Data4[[#This Row],[Salary]]) -> 79549 | F38: =IF(Cleaned_Data4[[#This Row],[Date of Joining]]="","Un-known",Cleaned_Data4[[#This Row],[Date of Joining]]) -> 42246 | G38: =IF(Cleaned_Data4[[#This Row],[Performance Rating]]="","N/A",Cleaned_Data4[[#This Row],[Performance Rating]]) -> 3 | H38: =IF(Cleaned_Data4[[#This Row],[Gender]]="","Un-known",Cleaned_Data4[[#This Row],[Gender]]) -> Un-known | I38: =IF(Cleaned_Data4[[#This Row],[Email]]="","invalid_email",Cleaned_Data4[[#This Row],[Email]]) -> user198@example.com | L38: =COUNTIF('Raw data for day3'!$H$4:$H$153,K38) -> 25 | O38: COUNTIF() applied to calculate the employees count for each scale.
A39: =Cleaned_Data4[[#This Row],[Employee ID]] -> EMP1035 | B39: =IF(Cleaned_Data4[[#This Row],[Names]]="","Un-known",Cleaned_Data4[[#This Row],[Names]]) -> Alice Brown | C39: =IF(Cleaned_Data4[[#This Row],[Department]]="","Un-known",Cleaned_Data4[[#This Row],[Department]]) -> Un-known | D39: =IF(Cleaned_Data4[[#This Row],[Country]]="","Un-known",Cleaned_Data4[[#This Row],[Country]]) -> UK | E39: =IF(Cleaned_Data4[[#This Row],[Salary]]="N/A","0",Cleaned_Data4[[#This Row],[Salary]]) -> 54463 | F39: =IF(Cleaned_Data4[[#This Row],[Date of Joining]]="","Un-known",Cleaned_Data4[[#This Row],[Date of Joining]]) -> 42253 | G39: =IF(Cleaned_Data4[[#This Row],[Performance Rating]]="","N/A",Cleaned_Data4[[#This Row],[Performance Rating]]) -> 4 | H39: =IF(Cleaned_Data4[[#This Row],[Gender]]="","Un-known",Cleaned_Data4[[#This Row],[Gender]]) -> Male | I39: =IF(Cleaned_Data4[[#This Row],[Email]]="","invalid_email",Cleaned_Data4[[#This Row],[Email]]) -> invalid_email | K39: 5 | L39: =COUNTIF('Raw data for day3'!$H$4:$H$153,K39) -> 25
A40: =Cleaned_Data4[[#This Row],[Employee ID]] -> EMP1036 | B40: =IF(Cleaned_Data4[[#This Row],[Names]]="","Un-known",Cleaned_Data4[[#This Row],[Names]]) -> Alice Brown | C40: =IF(Cleaned_Data4[[#This Row],[Department]]="","Un-known",Cleaned_Data4[[#This Row],[Department]]) -> IT | D40: =IF(Cleaned_Data4[[#This Row],[Country]]="","Un-known",Cleaned_Data4[[#This Row],[Country]]) -> USA | E40: =IF(Cleaned_Data4[[#This Row],[Salary]]="N/A","0",Cleaned_Data4[[#This Row],[Salary]]) -> 89781 | F40: =IF(Cleaned_Data4[[#This Row],[Date of Joining]]="","Un-known",Cleaned_Data4[[#This Row],[Date of Joining]]) -> 42260 | G40: =IF(Cleaned_Data4[[#This Row],[Performance Rating]]="","N/A",Cleaned_Data4[[#This Row],[Performance Rating]]) -> N/A | H40: =IF(Cleaned_Data4[[#This Row],[Gender]]="","Un-known",Cleaned_Data4[[#This Row],[Gender]]) -> Female | I40: =IF(Cleaned_Data4[[#This Row],[Email]]="","invalid_email",Cleaned_Data4[[#This Row],[Email]]) -> user31@example.com | K40: 4 | L40: =COUNTIF('Raw data for day3'!$H$4:$H$153,K40) -> 17 | O40: SUM() applied to consolidate performance rating across all employees.
A41: =Cleaned_Data4[[#This Row],[Employee ID]] -> EMP1037 | B41: =IF(Cleaned_Data4[[#This Row],[Names]]="","Un-known",Cleaned_Data4[[#This Row],[Names]]) -> Alice Brown | C41: =IF(Cleaned_Data4[[#This Row],[Department]]="","Un-known",Cleaned_Data4[[#This Row],[Department]]) -> HR | D41: =IF(Cleaned_Data4[[#This Row],[Country]]="","Un-known",Cleaned_Data4[[#This Row],[Country]]) -> Un-known | E41: =IF(Cleaned_Data4[[#This Row],[Salary]]="N/A","0",Cleaned_Data4[[#This Row],[Salary]]) -> 64796 | F41: =IF(Cleaned_Data4[[#This Row],[Date of Joining]]="","Un-known",Cleaned_Data4[[#This Row],[Date of Joining]]) -> 42267 | G41: =IF(Cleaned_Data4[[#This Row],[Performance Rating]]="","N/A",Cleaned_Data4[[#This Row],[Performance Rating]]) -> N/A | H41: =IF(Cleaned_Data4[[#This Row],[Gender]]="","Un-known",Cleaned_Data4[[#This Row],[Gender]]) -> Other | I41: =IF(Cleaned_Data4[[#This Row],[Email]]="","invalid_email",Cleaned_Data4[[#This Row],[Email]]) -> user98@example.com | K41: 3 | L41: =COUNTIF('Raw data for day3'!$H$4:$H$153,K41) -> 30
A42: =Cleaned_Data4[[#This Row],[Employee ID]] -> EMP1038 | B42: =IF(Cleaned_Data4[[#This Row],[Names]]="","Un-known",Cleaned_Data4[[#This Row],[Names]]) -> John Doe | C42: =IF(Cleaned_Data4[[#This Row],[Department]]="","Un-known",Cleaned_Data4[[#This Row],[Department]]) -> Marketing | D42: =IF(Cleaned_Data4[[#This Row],[Country]]="","Un-known",Cleaned_Data4[[#This Row],[Country]]) -> UK | E42: =IF(Cleaned_Data4[[#This Row],[Salary]]="N/A","0",Cleaned_Data4[[#This Row],[Salary]]) -> 52093 | F42: =IF(Cleaned_Data4[[#This Row],[Date of Joining]]="","Un-known",Cleaned_Data4[[#This Row],[Date of Joining]]) -> 42274 | G42: =IF(Cleaned_Data4[[#This Row],[Performance Rating]]="","N/A",Cleaned_Data4[[#This Row],[Performance Rating]]) -> 5 | H42: =IF(Cleaned_Data4[[#This Row],[Gender]]="","Un-known",Cleaned_Data4[[#This Row],[Gender]]) -> Un-known | I42: =IF(Cleaned_Data4[[#This Row],[Email]]="","invalid_email",Cleaned_Data4[[#This Row],[Email]]) -> user154@example.com | K42: Total | L42: =SUM(L36:M41) -> 150
A43: =Cleaned_Data4[[#This Row],[Employee ID]] -> EMP1039 | B43: =IF(Cleaned_Data4[[#This Row],[Names]]="","Un-known",Cleaned_Data4[[#This Row],[Names]]) -> Chris Lee | C43: =IF(Cleaned_Data4[[#This Row],[Department]]="","Un-known",Cleaned_Data4[[#This Row],[Department]]) -> HR | D43: =IF(Cleaned_Data4[[#This Row],[Country]]="","Un-known",Cleaned_Data4[[#This Row],[Country]]) -> UK | E43: =IF(Cleaned_Data4[[#This Row],[Salary]]="N/A","0",Cleaned_Data4[[#This Row],[Salary]]) -> 48224 | F43: =IF(Cleaned_Data4[[#This Row],[Date of Joining]]="","Un-known",Cleaned_Data4[[#This Row],[Date of Joining]]) -> 42281 | G43: =IF(Cleaned_Data4[[#This Row],[Performance Rating]]="","N/A",Cleaned_Data4[[#This Row],[Performance Rating]]) -> 3 | H43: =IF(Cleaned_Data4[[#This Row],[Gender]]="","Un-known",Cleaned_Data4[[#This Row],[Gender]]) -> Un-known | I43: =IF(Cleaned_Data4[[#This Row],[Email]]="","invalid_email",Cleaned_Data4[[#This Row],[Email]]) -> user42@example.com
A44: =Cleaned_Data4[[#This Row],[Employee ID]] -> EMP1040 | B44: =IF(Cleaned_Data4[[#This Row],[Names]]="","Un-known",Cleaned_Data4[[#This Row],[Names]]) -> Bob Johnson | C44: =IF(Cleaned_Data4[[#This Row],[Department]]="","Un-known",Cleaned_Data4[[#This Row],[Department]]) -> Finance | D44: =IF(Cleaned_Data4[[#This Row],[Country]]="","Un-known",Cleaned_Data4[[#This Row],[Country]]) -> UK | E44: =IF(Cleaned_Data4[[#This Row],[Salary]]="N/A","0",Cleaned_Data4[[#This Row],[Salary]]) -> 0 | F44: =IF(Cleaned_Data4[[#This Row],[Date of Joining]]="","Un-known",Cleaned_Data4[[#This Row],[Date of Joining]]) -> Un-known | G44: =IF(Cleaned_Data4[[#This Row],[Performance Rating]]="","N/A",Cleaned_Data4[[#This Row],[Performance Rating]]) -> 4 | H44: =IF(Cleaned_Data4[[#This Row],[Gender]]="","Un-known",Cleaned_Data4[[#This Row],[Gender]]) -> Female | I44: =IF(Cleaned_Data4[[#This Row],[Email]]="","invalid_email",Cleaned_Data4[[#This Row],[Email]]) -> user89@example.com
A45: =Cleaned_Data4[[#This Row],[Employee ID]] -> EMP1041 | B45: =IF(Cleaned_Data4[[#This Row],[Names]]="","Un-known",Cleaned_Data4[[#This Row],[Names]]) -> Alice Brown | C45: =IF(Cleaned_Data4[[#This Row],[Department]]="","Un-known",Cleaned_Data4[[#This Row],[Department]]) -> IT | D45: =IF(Cleaned_Data4[[#This Row],[Country]]="","Un-known",Cleaned_Data4[[#This Row],[Country]]) -> Germany | E45: =IF(Cleaned_Data4[[#This Row],[Salary]]="N/A","0",Cleaned_Data4[[#This Row],[Salary]]) -> 33956 | F45: =IF(Cleaned_Data4[[#This Row],[Date of Joining]]="","Un-known",Cleaned_Data4[[#This Row],[Date of Joining]]) -> 42295 | G45: =IF(Cleaned_Data4[[#This Row],[Performance Rating]]="","N/A",Cleaned_Data4[[#This Row],[Performance Rating]]) -> N/A | H45: =IF(Cleaned_Data4[[#This Row],[Gender]]="","Un-known",Cleaned_Data4[[#This Row],[Gender]]) -> Un-known | I45: =IF(Cleaned_Data4[[#This Row],[Email]]="","invalid_email",Cleaned_Data4[[#This Row],[Email]]) -> user47@example.com | K45: Unique values of YEARS in DATE OF JOINING column
A46: =Cleaned_Data4[[#This Row],[Employee ID]] -> EMP1042 | B46: =IF(Cleaned_Data4[[#This Row],[Names]]="","Un-known",Cleaned_Data4[[#This Row],[Names]]) -> Bob Johnson | C46: =IF(Cleaned_Data4[[#This Row],[Department]]="","Un-known",Cleaned_Data4[[#This Row],[Department]]) -> Un-known | D46: =IF(Cleaned_Data4[[#This Row],[Country]]="","Un-known",Cleaned_Data4[[#This Row],[Country]]) -> Australia | E46: =IF(Cleaned_Data4[[#This Row],[Salary]]="N/A","0",Cleaned_Data4[[#This Row],[Salary]]) -> 64913 | F46: =IF(Cleaned_Data4[[#This Row],[Date of Joining]]="","Un-known",Cleaned_Data4[[#This Row],[Date of Joining]]) -> 42302 | G46: =IF(Cleaned_Data4[[#This Row],[Performance Rating]]="","N/A",Cleaned_Data4[[#This Row],[Performance Rating]]) -> 1 | H46: =IF(Cleaned_Data4[[#This Row],[Gender]]="","Un-known",Cleaned_Data4[[#This Row],[Gender]]) -> Female | I46: =IF(Cleaned_Data4[[#This Row],[Email]]="","invalid_email",Cleaned_Data4[[#This Row],[Email]]) -> user175@example.com | P46: This is consider to be "Blank" cell bcz "Date of Joining" coloumn is stored in Date data type; blank cells were automatically replaced with the default system date 00-01-1900
A47: =Cleaned_Data4[[#This Row],[Employee ID]] -> EMP1043 | B47: =IF(Cleaned_Data4[[#This Row],[Names]]="","Un-known",Cleaned_Data4[[#This Row],[Names]]) -> Alice Brown | C47: =IF(Cleaned_Data4[[#This Row],[Department]]="","Un-known",Cleaned_Data4[[#This Row],[Department]]) -> Marketing | D47: =IF(Cleaned_Data4[[#This Row],[Country]]="","Un-known",Cleaned_Data4[[#This Row],[Country]]) -> Australia | E47: =IF(Cleaned_Data4[[#This Row],[Salary]]="N/A","0",Cleaned_Data4[[#This Row],[Salary]]) -> 35326 | F47: =IF(Cleaned_Data4[[#This Row],[Date of Joining]]="","Un-known",Cleaned_Data4[[#This Row],[Date of Joining]]) -> 42309 | G47: =IF(Cleaned_Data4[[#This Row],[Performance Rating]]="","N/A",Cleaned_Data4[[#This Row],[Performance Rating]]) -> N/A | H47: =IF(Cleaned_Data4[[#This Row],[Gender]]="","Un-known",Cleaned_Data4[[#This Row],[Gender]]) -> Female | I47: =IF(Cleaned_Data4[[#This Row],[Email]]="","invalid_email",Cleaned_Data4[[#This Row],[Email]]) -> user57@example.com | K47: Date of Joining | L47: No. of Employee joined in a Year
A48: =Cleaned_Data4[[#This Row],[Employee ID]] -> EMP1044 | B48: =IF(Cleaned_Data4[[#This Row],[Names]]="","Un-known",Cleaned_Data4[[#This Row],[Names]]) -> Chris Lee | C48: =IF(Cleaned_Data4[[#This Row],[Department]]="","Un-known",Cleaned_Data4[[#This Row],[Department]]) -> Finance | D48: =IF(Cleaned_Data4[[#This Row],[Country]]="","Un-known",Cleaned_Data4[[#This Row],[Country]]) -> Un-known | E48: =IF(Cleaned_Data4[[#This Row],[Salary]]="N/A","0",Cleaned_Data4[[#This Row],[Salary]]) -> 81610 | F48: =IF(Cleaned_Data4[[#This Row],[Date of Joining]]="","Un-known",Cleaned_Data4[[#This Row],[Date of Joining]]) -> 42316 | G48: =IF(Cleaned_Data4[[#This Row],[Performance Rating]]="","N/A",Cleaned_Data4[[#This Row],[Performance Rating]]) -> 1 | H48: =IF(Cleaned_Data4[[#This Row],[Gender]]="","Un-known",Cleaned_Data4[[#This Row],[Gender]]) -> Un-known | I48: =IF(Cleaned_Data4[[#This Row],[Email]]="","invalid_email",Cleaned_Data4[[#This Row],[Email]]) -> user20@example.com
A49: =Cleaned_Data4[[#This Row],[Employee ID]] -> EMP1045 | B49: =IF(Cleaned_Data4[[#This Row],[Names]]="","Un-known",Cleaned_Data4[[#This Row],[Names]]) -> Un-known | C49: =IF(Cleaned_Data4[[#This Row],[Department]]="","Un-known",Cleaned_Data4[[#This Row],[Department]]) -> HR | D49: =IF(Cleaned_Data4[[#This Row],[Country]]="","Un-known",Cleaned_Data4[[#This Row],[Country]]) -> Un-known | E49: =IF(Cleaned_Data4[[#This Row],[Salary]]="N/A","0",Cleaned_Data4[[#This Row],[Salary]]) -> 58962 | F49: =IF(Cleaned_Data4[[#This Row],[Date of Joining]]="","Un-known",Cleaned_Data4[[#This Row],[Date of Joining]]) -> 42323 | G49: =IF(Cleaned_Data4[[#This Row],[Performance Rating]]="","N/A",Cleaned_Data4[[#This Row],[Performance Rating]]) -> 3 | H49: =IF(Cleaned_Data4[[#This Row],[Gender]]="","Un-known",Cleaned_Data4[[#This Row],[Gender]]) -> Other | I49: =IF(Cleaned_Data4[[#This Row],[Email]]="","invalid_email",Cleaned_Data4[[#This Row],[Email]]) -> user106@example.com | K49: {=_xlfn.UNIQUE(Cleaned_Data4[Date of Joining Year])} -> 1900 | L49: =COUNTIF('Raw data for day3'!G4:G153,'Day3'!K49) -> 9 | O49: YEAR() used to extract the year from date & UNIQUE() used to list out the distinct year in date column.
A50: =Cleaned_Data4[[#This Row],[Employee ID]] -> EMP1046 | B50: =IF(Cleaned_Data4[[#This Row],[Names]]="","Un-known",Cleaned_Data4[[#This Row],[Names]]) -> Chris Lee | C50: =IF(Cleaned_Data4[[#This Row],[Department]]="","Un-known",Cleaned_Data4[[#This Row],[Department]]) -> IT | D50: =IF(Cleaned_Data4[[#This Row],[Country]]="","Un-known",Cleaned_Data4[[#This Row],[Country]]) -> Germany | E50: =IF(Cleaned_Data4[[#This Row],[Salary]]="N/A","0",Cleaned_Data4[[#This Row],[Salary]]) -> 92701 | F50: =IF(Cleaned_Data4[[#This Row],[Date of Joining]]="","Un-known",Cleaned_Data4[[#This Row],[Date of Joining]]) -> 42330 | G50: =IF(Cleaned_Data4[[#This Row],[Performance Rating]]="","N/A",Cleaned_Data4[[#This Row],[Performance Rating]]) -> 3 | H50: =IF(Cleaned_Data4[[#This Row],[Gender]]="","Un-known",Cleaned_Data4[[#This Row],[Gender]]) -> Other | I50: =IF(Cleaned_Data4[[#This Row],[Email]]="","invalid_email",Cleaned_Data4[[#This Row],[Email]]) -> user199@example.com | K50: 2015 | L50: =COUNTIF('Raw data for day3'!$G$4:$G$153,'Day3'!K50) -> 48
A51: =Cleaned_Data4[[#This Row],[Employee ID]] -> EMP1047 | B51: =IF(Cleaned_Data4[[#This Row],[Names]]="","Un-known",Cleaned_Data4[[#This Row],[Names]]) -> Chris Lee | C51: =IF(Cleaned_Data4[[#This Row],[Department]]="","Un-known",Cleaned_Data4[[#This Row],[Department]]) -> HR | D51: =IF(Cleaned_Data4[[#This Row],[Country]]="","Un-known",Cleaned_Data4[[#This Row],[Country]]) -> India | E51: =IF(Cleaned_Data4[[#This Row],[Salary]]="N/A","0",Cleaned_Data4[[#This Row],[Salary]]) -> 58245 | F51: =IF(Cleaned_Data4[[#This Row],[Date of Joining]]="","Un-known",Cleaned_Data4[[#This Row],[Date of Joining]]) -> 42337 | G51: =IF(Cleaned_Data4[[#This Row],[Performance Rating]]="","N/A",Cleaned_Data4[[#This Row],[Performance Rating]]) -> 4 | H51: =IF(Cleaned_Data4[[#This Row],[Gender]]="","Un-known",Cleaned_Data4[[#This Row],[Gender]]) -> Un-known | I51: =IF(Cleaned_Data4[[#This Row],[Email]]="","invalid_email",Cleaned_Data4[[#This Row],[Email]]) -> user43@example.com | K51: 2016 | L51: =COUNTIF('Raw data for day3'!$G$4:$G$153,'Day3'!K51) -> 50 | O51: COUNTIF() used to determine no. of employee hired in each year.
A52: =Cleaned_Data4[[#This Row],[Employee ID]] -> EMP1048 | B52: =IF(Cleaned_Data4[[#This Row],[Names]]="","Un-known",Cleaned_Data4[[#This Row],[Names]]) -> John Doe | C52: =IF(Cleaned_Data4[[#This Row],[Department]]="","Un-known",Cleaned_Data4[[#This Row],[Department]]) -> Finance | D52: =IF(Cleaned_Data4[[#This Row],[Country]]="","Un-known",Cleaned_Data4[[#This Row],[Country]]) -> Un-known | E52: =IF(Cleaned_Data4[[#This Row],[Salary]]="N/A","0",Cleaned_Data4[[#This Row],[Salary]]) -> 66513 | F52: =IF(Cleaned_Data4[[#This Row],[Date of Joining]]="","Un-known",Cleaned_Data4[[#This Row],[Date of Joining]]) -> 42344 | G52: =IF(Cleaned_Data4[[#This Row],[Performance Rating]]="","N/A",Cleaned_Data4[[#This Row],[Performance Rating]]) -> 2 | H52: =IF(Cleaned_Data4[[#This Row],[Gender]]="","Un-known",Cleaned_Data4[[#This Row],[Gender]]) -> Other | I52: =IF(Cleaned_Data4[[#This Row],[Email]]="","invalid_email",Cleaned_Data4[[#This Row],[Email]]) -> user24@example.com | K52: 2017 | L52: =COUNTIF('Raw data for day3'!$G$4:$G$153,'Day3'!K52) -> 43
A53: =Cleaned_Data4[[#This Row],[Employee ID]] -> EMP1049 | B53: =IF(Cleaned_Data4[[#This Row],[Names]]="","Un-known",Cleaned_Data4[[#This Row],[Names]]) -> Eve Adams | C53: =IF(Cleaned_Data4[[#This Row],[Department]]="","Un-known",Cleaned_Data4[[#This Row],[Department]]) -> HR | D53: =IF(Cleaned_Data4[[#This Row],[Country]]="","Un-known",Cleaned_Data4[[#This Row],[Country]]) -> Germany | E53: =IF(Cleaned_Data4[[#This Row],[Salary]]="N/A","0",Cleaned_Data4[[#This Row],[Salary]]) -> 78720 | F53: =IF(Cleaned_Data4[[#This Row],[Date of Joining]]="","Un-known",Cleaned_Data4[[#This Row],[Date of Joining]]) -> 42351 | G53: =IF(Cleaned_Data4[[#This Row],[Performance Rating]]="","N/A",Cleaned_Data4[[#This Row],[Performance Rating]]) -> 5 | H53: =IF(Cleaned_Data4[[#This Row],[Gender]]="","Un-known",Cleaned_Data4[[#This Row],[Gender]]) -> Female | I53: =IF(Cleaned_Data4[[#This Row],[Email]]="","invalid_email",Cleaned_Data4[[#This Row],[Email]]) -> user89@example.com | K53: Total | L53: =SUM(L49:M52) -> 150 | O53: SUM() is used to calculate total no.of employees were hired.
A54: =Cleaned_Data4[[#This Row],[Employee ID]] -> EMP1050 | B54: =IF(Cleaned_Data4[[#This Row],[Names]]="","Un-known",Cleaned_Data4[[#This Row],[Names]]) -> Chris Lee | C54: =IF(Cleaned_Data4[[#This Row],[Department]]="","Un-known",Cleaned_Data4[[#This Row],[Department]]) -> Un-known | D54: =IF(Cleaned_Data4[[#This Row],[Country]]="","Un-known",Cleaned_Data4[[#This Row],[Country]]) -> Un-known | E54: =IF(Cleaned_Data4[[#This Row],[Salary]]="N/A","0",Cleaned_Data4[[#This Row],[Salary]]) -> 30686 | F54: =IF(Cleaned_Data4[[#This Row],[Date of Joining]]="","Un-known",Cleaned_Data4[[#This Row],[Date of Joining]]) -> Un-known | G54: =IF(Cleaned_Data4[[#This Row],[Performance Rating]]="","N/A",Cleaned_Data4[[#This Row],[Performance Rating]]) -> 2 | H54: =IF(Cleaned_Data4[[#This Row],[Gender]]="","Un-known",Cleaned_Data4[[#This Row],[Gender]]) -> Female | I54: =IF(Cleaned_Data4[[#This Row],[Email]]="","invalid_email",Cleaned_Data4[[#This Row],[Email]]) -> user95@example.com
A55: =Cleaned_Data4[[#This Row],[Employee ID]] -> EMP1051 | B55: =IF(Cleaned_Data4[[#This Row],[Names]]="","Un-known",Cleaned_Data4[[#This Row],[Names]]) -> Sam Wilson | C55: =IF(Cleaned_Data4[[#This Row],[Department]]="","Un-known",Cleaned_Data4[[#This Row],[Department]]) -> Sales | D55: =IF(Cleaned_Data4[[#This Row],[Country]]="","Un-known",Cleaned_Data4[[#This Row],[Country]]) -> India | E55: =IF(Cleaned_Data4[[#This Row],[Salary]]="N/A","0",Cleaned_Data4[[#This Row],[Salary]]) -> 39423 | F55: =IF(Cleaned_Data4[[#This Row],[Date of Joining]]="","Un-known",Cleaned_Data4[[#This Row],[Date of Joining]]) -> 42365 | G55: =IF(Cleaned_Data4[[#This Row],[Performance Rating]]="","N/A",Cleaned_Data4[[#This Row],[Performance Rating]]) -> 5 | H55: =IF(Cleaned_Data4[[#This Row],[Gender]]="","Un-known",Cleaned_Data4[[#This Row],[Gender]]) -> Un-known | I55: =IF(Cleaned_Data4[[#This Row],[Email]]="","invalid_email",Cleaned_Data4[[#This Row],[Email]]) -> user59@example.com
A56: =Cleaned_Data4[[#This Row],[Employee ID]] -> EMP1052 | B56: =IF(Cleaned_Data4[[#This Row],[Names]]="","Un-known",Cleaned_Data4[[#This Row],[Names]]) -> Eve Adams | C56: =IF(Cleaned_Data4[[#This Row],[Department]]="","Un-known",Cleaned_Data4[[#This Row],[Department]]) -> Marketing | D56: =IF(Cleaned_Data4[[#This Row],[Country]]="","Un-known",Cleaned_Data4[[#This Row],[Country]]) -> Un-known | E56: =IF(Cleaned_Data4[[#This Row],[Salary]]="N/A","0",Cleaned_Data4[[#This Row],[Salary]]) -> 30280 | F56: =IF(Cleaned_Data4[[#This Row],[Date of Joining]]="","Un-known",Cleaned_Data4[[#This Row],[Date of Joining]]) -> 42372 | G56: =IF(Cleaned_Data4[[#This Row],[Performance Rating]]="","N/A",Cleaned_Data4[[#This Row],[Performance Rating]]) -> 1 | H56: =IF(Cleaned_Data4[[#This Row],[Gender]]="","Un-known",Cleaned_Data4[[#This Row],[Gender]]) -> Un-known | I56: =IF(Cleaned_Data4[[#This Row],[Email]]="","invalid_email",Cleaned_Data4[[#This Row],[Email]]) -> user152@example.com | K56: Unique values in GENDER column
A57: =Cleaned_Data4[[#This Row],[Employee ID]] -> EMP1053 | B57: =IF(Cleaned_Data4[[#This Row],[Names]]="","Un-known",Cleaned_Data4[[#This Row],[Names]]) -> Eve Adams | C57: =IF(Cleaned_Data4[[#This Row],[Department]]="","Un-known",Cleaned_Data4[[#This Row],[Department]]) -> Finance | D57: =IF(Cleaned_Data4[[#This Row],[Country]]="","Un-known",Cleaned_Data4[[#This Row],[Country]]) -> UK | E57: =IF(Cleaned_Data4[[#This Row],[Salary]]="N/A","0",Cleaned_Data4[[#This Row],[Salary]]) -> 33352 | F57: =IF(Cleaned_Data4[[#This Row],[Date of Joining]]="","Un-known",Cleaned_Data4[[#This Row],[Date of Joining]]) -> 42379 | G57: =IF(Cleaned_Data4[[#This Row],[Performance Rating]]="","N/A",Cleaned_Data4[[#This Row],[Performance Rating]]) -> 3 | H57: =IF(Cleaned_Data4[[#This Row],[Gender]]="","Un-known",Cleaned_Data4[[#This Row],[Gender]]) -> Female | I57: =IF(Cleaned_Data4[[#This Row],[Email]]="","invalid_email",Cleaned_Data4[[#This Row],[Email]]) -> user200@example.com
A58: =Cleaned_Data4[[#This Row],[Employee ID]] -> EMP1054 | B58: =IF(Cleaned_Data4[[#This Row],[Names]]="","Un-known",Cleaned_Data4[[#This Row],[Names]]) -> Bob Johnson | C58: =IF(Cleaned_Data4[[#This Row],[Department]]="","Un-known",Cleaned_Data4[[#This Row],[Department]]) -> Marketing | D58: =IF(Cleaned_Data4[[#This Row],[Country]]="","Un-known",Cleaned_Data4[[#This Row],[Country]]) -> UK | E58: =IF(Cleaned_Data4[[#This Row],[Salary]]="N/A","0",Cleaned_Data4[[#This Row],[Salary]]) -> 75633 | F58: =IF(Cleaned_Data4[[#This Row],[Date of Joining]]="","Un-known",Cleaned_Data4[[#This Row],[Date of Joining]]) -> 42386 | G58: =IF(Cleaned_Data4[[#This Row],[Performance Rating]]="","N/A",Cleaned_Data4[[#This Row],[Performance Rating]]) -> 5 | H58: =IF(Cleaned_Data4[[#This Row],[Gender]]="","Un-known",Cleaned_Data4[[#This Row],[Gender]]) -> Other | I58: =IF(Cleaned_Data4[[#This Row],[Email]]="","invalid_email",Cleaned_Data4[[#This Row],[Email]]) -> user92@example.com | K58: Gender | L58: No. of employee in Each Gender
A59: =Cleaned_Data4[[#This Row],[Employee ID]] -> EMP1055 | B59: =IF(Cleaned_Data4[[#This Row],[Names]]="","Un-known",Cleaned_Data4[[#This Row],[Names]]) -> Chris Lee | C59: =IF(Cleaned_Data4[[#This Row],[Department]]="","Un-known",Cleaned_Data4[[#This Row],[Department]]) -> Un-known | D59: =IF(Cleaned_Data4[[#This Row],[Country]]="","Un-known",Cleaned_Data4[[#This Row],[Country]]) -> USA | E59: =IF(Cleaned_Data4[[#This Row],[Salary]]="N/A","0",Cleaned_Data4[[#This Row],[Salary]]) -> 74815 | F59: =IF(Cleaned_Data4[[#This Row],[Date of Joining]]="","Un-known",Cleaned_Data4[[#This Row],[Date of Joining]]) -> 42393 | G59: =IF(Cleaned_Data4[[#This Row],[Performance Rating]]="","N/A",Cleaned_Data4[[#This Row],[Performance Rating]]) -> 5 | H59: =IF(Cleaned_Data4[[#This Row],[Gender]]="","Un-known",Cleaned_Data4[[#This Row],[Gender]]) -> Female | I59: =IF(Cleaned_Data4[[#This Row],[Email]]="","invalid_email",Cleaned_Data4[[#This Row],[Email]]) -> user50@example.com
A60: =Cleaned_Data4[[#This Row],[Employee ID]] -> EMP1056 | B60: =IF(Cleaned_Data4[[#This Row],[Names]]="","Un-known",Cleaned_Data4[[#This Row],[Names]]) -> John Doe | C60: =IF(Cleaned_Data4[[#This Row],[Department]]="","Un-known",Cleaned_Data4[[#This Row],[Department]]) -> Sales | D60: =IF(Cleaned_Data4[[#This Row],[Country]]="","Un-known",Cleaned_Data4[[#This Row],[Country]]) -> Australia | E60: =IF(Cleaned_Data4[[#This Row],[Salary]]="N/A","0",Cleaned_Data4[[#This Row],[Salary]]) -> 60011 | F60: =IF(Cleaned_Data4[[#This Row],[Date of Joining]]="","Un-known",Cleaned_Data4[[#This Row],[Date of Joining]]) -> 42400 | G60: =IF(Cleaned_Data4[[#This Row],[Performance Rating]]="","N/A",Cleaned_Data4[[#This Row],[Performance Rating]]) -> 1 | H60: =IF(Cleaned_Data4[[#This Row],[Gender]]="","Un-known",Cleaned_Data4[[#This Row],[Gender]]) -> Male | I60: =IF(Cleaned_Data4[[#This Row],[Email]]="","invalid_email",Cleaned_Data4[[#This Row],[Email]]) -> user63@example.com | K60: {=_xlfn.UNIQUE(Cleaned_Data4[Gender])} -> Unknown | L60: =COUNTIF('Raw data for day3'!$I$4:$I$153,K60) -> 5 | O60: UNIQUE() was used to identify distinct values in Gender column.
A61: =Cleaned_Data4[[#This Row],[Employee ID]] -> EMP1057 | B61: =IF(Cleaned_Data4[[#This Row],[Names]]="","Un-known",Cleaned_Data4[[#This Row],[Names]]) -> Eve Adams | C61: =IF(Cleaned_Data4[[#This Row],[Department]]="","Un-known",Cleaned_Data4[[#This Row],[Department]]) -> Un-known | D61: =IF(Cleaned_Data4[[#This Row],[Country]]="","Un-known",Cleaned_Data4[[#This Row],[Country]]) -> India | E61: =IF(Cleaned_Data4[[#This Row],[Salary]]="N/A","0",Cleaned_Data4[[#This Row],[Salary]]) -> 96949 | F61: =IF(Cleaned_Data4[[#This Row],[Date of Joining]]="","Un-known",Cleaned_Data4[[#This Row],[Date of Joining]]) -> 42407 | G61: =IF(Cleaned_Data4[[#This Row],[Performance Rating]]="","N/A",Cleaned_Data4[[#This Row],[Performance Rating]]) -> 3 | H61: =IF(Cleaned_Data4[[#This Row],[Gender]]="","Un-known",Cleaned_Data4[[#This Row],[Gender]]) -> Un-known | I61: =IF(Cleaned_Data4[[#This Row],[Email]]="","invalid_email",Cleaned_Data4[[#This Row],[Email]]) -> user103@example.com | K61: Other | L61: =COUNTIF('Raw data for day3'!$I$4:$I$153,K61) -> 35
A62: =Cleaned_Data4[[#This Row],[Employee ID]] -> EMP1058 | B62: =IF(Cleaned_Data4[[#This Row],[Names]]="","Un-known",Cleaned_Data4[[#This Row],[Names]]) -> Sam Wilson | C62: =IF(Cleaned_Data4[[#This Row],[Department]]="","Un-known",Cleaned_Data4[[#This Row],[Department]]) -> Marketing | D62: =IF(Cleaned_Data4[[#This Row],[Country]]="","Un-known",Cleaned_Data4[[#This Row],[Country]]) -> Un-known | E62: =IF(Cleaned_Data4[[#This Row],[Salary]]="N/A","0",Cleaned_Data4[[#This Row],[Salary]]) -> 84924 | F62: =IF(Cleaned_Data4[[#This Row],[Date of Joining]]="","Un-known",Cleaned_Data4[[#This Row],[Date of Joining]]) -> 42414 | G62: =IF(Cleaned_Data4[[#This Row],[Performance Rating]]="","N/A",Cleaned_Data4[[#This Row],[Performance Rating]]) -> 5 | H62: =IF(Cleaned_Data4[[#This Row],[Gender]]="","Un-known",Cleaned_Data4[[#This Row],[Gender]]) -> Male | I62: =IF(Cleaned_Data4[[#This Row],[Email]]="","invalid_email",Cleaned_Data4[[#This Row],[Email]]) -> user150@example.com | L62: =COUNTIF('Raw data for day3'!$I$4:$I$153,K62) -> 44 | O62: COUNTIF() was used to identify number of employees in each Gender.
A63: =Cleaned_Data4[[#This Row],[Employee ID]] -> EMP1059 | B63: =IF(Cleaned_Data4[[#This Row],[Names]]="","Un-known",Cleaned_Data4[[#This Row],[Names]]) -> Sam Wilson | C63: =IF(Cleaned_Data4[[#This Row],[Department]]="","Un-known",Cleaned_Data4[[#This Row],[Department]]) -> Finance | D63: =IF(Cleaned_Data4[[#This Row],[Country]]="","Un-known",Cleaned_Data4[[#This Row],[Country]]) -> USA | E63: =IF(Cleaned_Data4[[#This Row],[Salary]]="N/A","0",Cleaned_Data4[[#This Row],[Salary]]) -> 82033 | F63: =IF(Cleaned_Data4[[#This Row],[Date of Joining]]="","Un-known",Cleaned_Data4[[#This Row],[Date of Joining]]) -> 42421 | G63: =IF(Cleaned_Data4[[#This Row],[Performance Rating]]="","N/A",Cleaned_Data4[[#This Row],[Performance Rating]]) -> 1 | H63: =IF(Cleaned_Data4[[#This Row],[Gender]]="","Un-known",Cleaned_Data4[[#This Row],[Gender]]) -> Un-known | I63: =IF(Cleaned_Data4[[#This Row],[Email]]="","invalid_email",Cleaned_Data4[[#This Row],[Email]]) -> user20@example.com | K63: Male | L63: =COUNTIF('Raw data for day3'!$I$4:$I$153,K63) -> 32
A64: =Cleaned_Data4[[#This Row],[Employee ID]] -> EMP1060 | B64: =IF(Cleaned_Data4[[#This Row],[Names]]="","Un-known",Cleaned_Data4[[#This Row],[Names]]) -> Un-known | C64: =IF(Cleaned_Data4[[#This Row],[Department]]="","Un-known",Cleaned_Data4[[#This Row],[Department]]) -> Marketing | D64: =IF(Cleaned_Data4[[#This Row],[Country]]="","Un-known",Cleaned_Data4[[#This Row],[Country]]) -> Germany | E64: =IF(Cleaned_Data4[[#This Row],[Salary]]="N/A","0",Cleaned_Data4[[#This Row],[Salary]]) -> 0 | F64: =IF(Cleaned_Data4[[#This Row],[Date of Joining]]="","Un-known",Cleaned_Data4[[#This Row],[Date of Joining]]) -> Un-known | G64: =IF(Cleaned_Data4[[#This Row],[Performance Rating]]="","N/A",Cleaned_Data4[[#This Row],[Performance Rating]]) -> 5 | H64: =IF(Cleaned_Data4[[#This Row],[Gender]]="","Un-known",Cleaned_Data4[[#This Row],[Gender]]) -> Unknown | I64: =IF(Cleaned_Data4[[#This Row],[Email]]="","invalid_email",Cleaned_Data4[[#This Row],[Email]]) -> user112@example.com | K64: Female | L64: =COUNTIF('Raw data for day3'!$I$4:$I$153,K64) -> 34
A65: =Cleaned_Data4[[#This Row],[Employee ID]] -> EMP1061 | B65: =IF(Cleaned_Data4[[#This Row],[Names]]="","Un-known",Cleaned_Data4[[#This Row],[Names]]) -> Eve Adams | C65: =IF(Cleaned_Data4[[#This Row],[Department]]="","Un-known",Cleaned_Data4[[#This Row],[Department]]) -> Un-known | D65: =IF(Cleaned_Data4[[#This Row],[Country]]="","Un-known",Cleaned_Data4[[#This Row],[Country]]) -> Australia | E65: =IF(Cleaned_Data4[[#This Row],[Salary]]="N/A","0",Cleaned_Data4[[#This Row],[Salary]]) -> 31499 | F65: =IF(Cleaned_Data4[[#This Row],[Date of Joining]]="","Un-known",Cleaned_Data4[[#This Row],[Date of Joining]]) -> 42435 | G65: =IF(Cleaned_Data4[[#This Row],[Performance Rating]]="","N/A",Cleaned_Data4[[#This Row],[Performance Rating]]) -> 2 | H65: =IF(Cleaned_Data4[[#This Row],[Gender]]="","Un-known",Cleaned_Data4[[#This Row],[Gender]]) -> Un-known | I65: =IF(Cleaned_Data4[[#This Row],[Email]]="","invalid_email",Cleaned_Data4[[#This Row],[Email]]) -> user31@example.com | K65: Total | L65: =SUM(L60:M64) -> 150
A66: =Cleaned_Data4[[#This Row],[Employee ID]] -> EMP1062 | B66: =IF(Cleaned_Data4[[#This Row],[Names]]="","Un-known",Cleaned_Data4[[#This Row],[Names]]) -> Chris Lee | C66: =IF(Cleaned_Data4[[#This Row],[Department]]="","Un-known",Cleaned_Data4[[#This Row],[Department]]) -> IT | D66: =IF(Cleaned_Data4[[#This Row],[Country]]="","Un-known",Cleaned_Data4[[#This Row],[Country]]) -> UK | E66: =IF(Cleaned_Data4[[#This Row],[Salary]]="N/A","0",Cleaned_Data4[[#This Row],[Salary]]) -> 97981 | F66: =IF(Cleaned_Data4[[#This Row],[Date of Joining]]="","Un-known",Cleaned_Data4[[#This Row],[Date of Joining]]) -> 42442 | G66: =IF(Cleaned_Data4[[#This Row],[Performance Rating]]="","N/A",Cleaned_Data4[[#This Row],[Performance Rating]]) -> 5 | H66: =IF(Cleaned_Data4[[#This Row],[Gender]]="","Un-known",Cleaned_Data4[[#This Row],[Gender]]) -> Female | I66: =IF(Cleaned_Data4[[#This Row],[Email]]="","invalid_email",Cleaned_Data4[[#This Row],[Email]]) -> user71@example.com
A67: =Cleaned_Data4[[#This Row],[Employee ID]] -> EMP1063 | B67: =IF(Cleaned_Data4[[#This Row],[Names]]="","Un-known",Cleaned_Data4[[#This Row],[Names]]) -> Eve Adams | C67: =IF(Cleaned_Data4[[#This Row],[Department]]="","Un-known",Cleaned_Data4[[#This Row],[Department]]) -> HR | D67: =IF(Cleaned_Data4[[#This Row],[Country]]="","Un-known",Cleaned_Data4[[#This Row],[Country]]) -> USA | E67: =IF(Cleaned_Data4[[#This Row],[Salary]]="N/A","0",Cleaned_Data4[[#This Row],[Salary]]) -> 36541 | F67: =IF(Cleaned_Data4[[#This Row],[Date of Joining]]="","Un-known",Cleaned_Data4[[#This Row],[Date of Joining]]) -> 42449 | G67: =IF(Cleaned_Data4[[#This Row],[Performance Rating]]="","N/A",Cleaned_Data4[[#This Row],[Performance Rating]]) -> 2 | H67: =IF(Cleaned_Data4[[#This Row],[Gender]]="","Un-known",Cleaned_Data4[[#This Row],[Gender]]) -> Other | I67: =IF(Cleaned_Data4[[#This Row],[Email]]="","invalid_email",Cleaned_Data4[[#This Row],[Email]]) -> user97@example.com
A68: =Cleaned_Data4[[#This Row],[Employee ID]] -> EMP1064 | B68: =IF(Cleaned_Data4[[#This Row],[Names]]="","Un-known",Cleaned_Data4[[#This Row],[Names]]) -> John Doe | C68: =IF(Cleaned_Data4[[#This Row],[Department]]="","Un-known",Cleaned_Data4[[#This Row],[Department]]) -> IT | D68: =IF(Cleaned_Data4[[#This Row],[Country]]="","Un-known",Cleaned_Data4[[#This Row],[Country]]) -> India | E68: =IF(Cleaned_Data4[[#This Row],[Salary]]="N/A","0",Cleaned_Data4[[#This Row],[Salary]]) -> 84737 | F68: =IF(Cleaned_Data4[[#This Row],[Date of Joining]]="","Un-known",Cleaned_Data4[[#This Row],[Date of Joining]]) -> 42456 | G68: =IF(Cleaned_Data4[[#This Row],[Performance Rating]]="","N/A",Cleaned_Data4[[#This Row],[Performance Rating]]) -> 1 | H68: =IF(Cleaned_Data4[[#This Row],[Gender]]="","Un-known",Cleaned_Data4[[#This Row],[Gender]]) -> Male | I68: =IF(Cleaned_Data4[[#This Row],[Email]]="","invalid_email",Cleaned_Data4[[#This Row],[Email]]) -> user141@example.com
A69: =Cleaned_Data4[[#This Row],[Employee ID]] -> EMP1065 | B69: =IF(Cleaned_Data4[[#This Row],[Names]]="","Un-known",Cleaned_Data4[[#This Row],[Names]]) -> Sam Wilson | C69: =IF(Cleaned_Data4[[#This Row],[Department]]="","Un-known",Cleaned_Data4[[#This Row],[Department]]) -> Finance | D69: =IF(Cleaned_Data4[[#This Row],[Country]]="","Un-known",Cleaned_Data4[[#This Row],[Country]]) -> India | E69: =IF(Cleaned_Data4[[#This Row],[Salary]]="N/A","0",Cleaned_Data4[[#This Row],[Salary]]) -> 33468 | F69: =IF(Cleaned_Data4[[#This Row],[Date of Joining]]="","Un-known",Cleaned_Data4[[#This Row],[Date of Joining]]) -> 42463 | G69: =IF(Cleaned_Data4[[#This Row],[Performance Rating]]="","N/A",Cleaned_Data4[[#This Row],[Performance Rating]]) -> 4 | H69: =IF(Cleaned_Data4[[#This Row],[Gender]]="","Un-known",Cleaned_Data4[[#This Row],[Gender]]) -> Male | I69: =IF(Cleaned_Data4[[#This Row],[Email]]="","invalid_email",Cleaned_Data4[[#This Row],[Email]]) -> user125@example.com | K69: Count of (blank) cell, N/A, Unknown, invalid_email in each column.
A70: =Cleaned_Data4[[#This Row],[Employee ID]] -> EMP1066 | B70: =IF(Cleaned_Data4[[#This Row],[Names]]="","Un-known",Cleaned_Data4[[#This Row],[Names]]) -> Sam Wilson | C70: =IF(Cleaned_Data4[[#This Row],[Department]]="","Un-known",Cleaned_Data4[[#This Row],[Department]]) -> Un-known | D70: =IF(Cleaned_Data4[[#This Row],[Country]]="","Un-known",Cleaned_Data4[[#This Row],[Country]]) -> Australia | E70: =IF(Cleaned_Data4[[#This Row],[Salary]]="N/A","0",Cleaned_Data4[[#This Row],[Salary]]) -> 96365 | F70: =IF(Cleaned_Data4[[#This Row],[Date of Joining]]="","Un-known",Cleaned_Data4[[#This Row],[Date of Joining]]) -> 42470 | G70: =IF(Cleaned_Data4[[#This Row],[Performance Rating]]="","N/A",Cleaned_Data4[[#This Row],[Performance Rating]]) -> 3 | H70: =IF(Cleaned_Data4[[#This Row],[Gender]]="","Un-known",Cleaned_Data4[[#This Row],[Gender]]) -> Other | I70: =IF(Cleaned_Data4[[#This Row],[Email]]="","invalid_email",Cleaned_Data4[[#This Row],[Email]]) -> user90@example.com | K70: Column Header | M70: Count Blank | N70: Count N/A | O70: Count Unknown | P70: COUNT invalid_email
A71: =Cleaned_Data4[[#This Row],[Employee ID]] -> EMP1067 | B71: =IF(Cleaned_Data4[[#This Row],[Names]]="","Un-known",Cleaned_Data4[[#This Row],[Names]]) -> Alice Brown | C71: =IF(Cleaned_Data4[[#This Row],[Department]]="","Un-known",Cleaned_Data4[[#This Row],[Department]]) -> Sales | D71: =IF(Cleaned_Data4[[#This Row],[Country]]="","Un-known",Cleaned_Data4[[#This Row],[Country]]) -> India | E71: =IF(Cleaned_Data4[[#This Row],[Salary]]="N/A","0",Cleaned_Data4[[#This Row],[Salary]]) -> 61942 | F71: =IF(Cleaned_Data4[[#This Row],[Date of Joining]]="","Un-known",Cleaned_Data4[[#This Row],[Date of Joining]]) -> 42477 | G71: =IF(Cleaned_Data4[[#This Row],[Performance Rating]]="","N/A",Cleaned_Data4[[#This Row],[Performance Rating]]) -> 3 | H71: =IF(Cleaned_Data4[[#This Row],[Gender]]="","Un-known",Cleaned_Data4[[#This Row],[Gender]]) -> Female | I71: =IF(Cleaned_Data4[[#This Row],[Email]]="","invalid_email",Cleaned_Data4[[#This Row],[Email]]) -> user192@example.com
A72: =Cleaned_Data4[[#This Row],[Employee ID]] -> EMP1068 | B72: =IF(Cleaned_Data4[[#This Row],[Names]]="","Un-known",Cleaned_Data4[[#This Row],[Names]]) -> Sam Wilson | C72: =IF(Cleaned_Data4[[#This Row],[Department]]="","Un-known",Cleaned_Data4[[#This Row],[Department]]) -> Finance | D72: =IF(Cleaned_Data4[[#This Row],[Country]]="","Un-known",Cleaned_Data4[[#This Row],[Country]]) -> UK | E72: =IF(Cleaned_Data4[[#This Row],[Salary]]="N/A","0",Cleaned_Data4[[#This Row],[Salary]]) -> 41467 | F72: =IF(Cleaned_Data4[[#This Row],[Date of Joining]]="","Un-known",Cleaned_Data4[[#This Row],[Date of Joining]]) -> 42484 | G72: =IF(Cleaned_Data4[[#This Row],[Performance Rating]]="","N/A",Cleaned_Data4[[#This Row],[Performance Rating]]) -> 2 | H72: =IF(Cleaned_Data4[[#This Row],[Gender]]="","Un-known",Cleaned_Data4[[#This Row],[Gender]]) -> Un-known | I72: =IF(Cleaned_Data4[[#This Row],[Email]]="","invalid_email",Cleaned_Data4[[#This Row],[Email]]) -> user77@example.com | K72: Employee ID | M72: =COUNTBLANK(Cleaned_Data4[Employee ID]) -> 0 | N72: =COUNTIF(Cleaned_Data4[Employee ID],"N/A") -> 0 | O72: =COUNTIF(Cleaned_Data4[Employee ID],"N/A") -> 0 | P72: =COUNTIF(Cleaned_Data4[Employee ID],"invalid_email") -> 0 | R72: COUNTBLANK() was used to count the No. of Blank cell in each column.
A73: =Cleaned_Data4[[#This Row],[Employee ID]] -> EMP1069 | B73: =IF(Cleaned_Data4[[#This Row],[Names]]="","Un-known",Cleaned_Data4[[#This Row],[Names]]) -> Bob Johnson | C73: =IF(Cleaned_Data4[[#This Row],[Department]]="","Un-known",Cleaned_Data4[[#This Row],[Department]]) -> Finance | D73: =IF(Cleaned_Data4[[#This Row],[Country]]="","Un-known",Cleaned_Data4[[#This Row],[Country]]) -> India | E73: =IF(Cleaned_Data4[[#This Row],[Salary]]="N/A","0",Cleaned_Data4[[#This Row],[Salary]]) -> 77096 | F73: =IF(Cleaned_Data4[[#This Row],[Date of Joining]]="","Un-known",Cleaned_Data4[[#This Row],[Date of Joining]]) -> 42491 | G73: =IF(Cleaned_Data4[[#This Row],[Performance Rating]]="","N/A",Cleaned_Data4[[#This Row],[Performance Rating]]) -> 1 | H73: =IF(Cleaned_Data4[[#This Row],[Gender]]="","Un-known",Cleaned_Data4[[#This Row],[Gender]]) -> Un-known | I73: =IF(Cleaned_Data4[[#This Row],[Email]]="","invalid_email",Cleaned_Data4[[#This Row],[Email]]) -> user65@example.com | K73: Names | M73: =COUNTBLANK(Cleaned_Data4[Names]) -> 10 | N73: =COUNTIF(Cleaned_Data4[Names],"N/A") -> 0 | O73: =COUNTIF(Cleaned_Data4[Names],"Unknown") -> 0 | P73: =COUNTIF(Cleaned_Data4[Names],"invalid_email") -> 0 | R73: COUNTIF() was used to determine total number of "N/A","Un-known" and "invalid_email" in each column was identified.
A74: =Cleaned_Data4[[#This Row],[Employee ID]] -> EMP1070 | B74: =IF(Cleaned_Data4[[#This Row],[Names]]="","Un-known",Cleaned_Data4[[#This Row],[Names]]) -> Eve Adams | C74: =IF(Cleaned_Data4[[#This Row],[Department]]="","Un-known",Cleaned_Data4[[#This Row],[Department]]) -> Sales | D74: =IF(Cleaned_Data4[[#This Row],[Country]]="","Un-known",Cleaned_Data4[[#This Row],[Country]]) -> Australia | E74: =IF(Cleaned_Data4[[#This Row],[Salary]]="N/A","0",Cleaned_Data4[[#This Row],[Salary]]) -> 69952 | F74: =IF(Cleaned_Data4[[#This Row],[Date of Joining]]="","Un-known",Cleaned_Data4[[#This Row],[Date of Joining]]) -> 42498 | G74: =IF(Cleaned_Data4[[#This Row],[Performance Rating]]="","N/A",Cleaned_Data4[[#This Row],[Performance Rating]]) -> 5 | H74: =IF(Cleaned_Data4[[#This Row],[Gender]]="","Un-known",Cleaned_Data4[[#This Row],[Gender]]) -> Female | I74: =IF(Cleaned_Data4[[#This Row],[Email]]="","invalid_email",Cleaned_Data4[[#This Row],[Email]]) -> invalid_email | K74: Depatment | M74: =COUNTBLANK(Cleaned_Data4[Department]) -> 24 | N74: =COUNTIF(Cleaned_Data4[Department],"N/A") -> 0 | O74: =COUNTIF(Cleaned_Data4[Department],"Unknown") -> 0 | P74: =COUNTIF(Cleaned_Data4[Department],"invalid_email") -> 0
A75: =Cleaned_Data4[[#This Row],[Employee ID]] -> EMP1071 | B75: =IF(Cleaned_Data4[[#This Row],[Names]]="","Un-known",Cleaned_Data4[[#This Row],[Names]]) -> Eve Adams | C75: =IF(Cleaned_Data4[[#This Row],[Department]]="","Un-known",Cleaned_Data4[[#This Row],[Department]]) -> Marketing | D75: =IF(Cleaned_Data4[[#This Row],[Country]]="","Un-known",Cleaned_Data4[[#This Row],[Country]]) -> USA | E75: =IF(Cleaned_Data4[[#This Row],[Salary]]="N/A","0",Cleaned_Data4[[#This Row],[Salary]]) -> 85065 | F75: =IF(Cleaned_Data4[[#This Row],[Date of Joining]]="","Un-known",Cleaned_Data4[[#This Row],[Date of Joining]]) -> 42505 | G75: =IF(Cleaned_Data4[[#This Row],[Performance Rating]]="","N/A",Cleaned_Data4[[#This Row],[Performance Rating]]) -> 3 | H75: =IF(Cleaned_Data4[[#This Row],[Gender]]="","Un-known",Cleaned_Data4[[#This Row],[Gender]]) -> Un-known | I75: =IF(Cleaned_Data4[[#This Row],[Email]]="","invalid_email",Cleaned_Data4[[#This Row],[Email]]) -> user142@example.com | K75: Country | M75: =COUNTBLANK(Cleaned_Data4[Country]) -> 31 | N75: =COUNTIF(Cleaned_Data4[Country],"N/A") -> 0 | O75: =COUNTIF(Cleaned_Data4[Country],"Unknown") -> 0 | P75: =COUNTIF(Cleaned_Data4[Country],"invalid_email") -> 0
A76: =Cleaned_Data4[[#This Row],[Employee ID]] -> EMP1072 | B76: =IF(Cleaned_Data4[[#This Row],[Names]]="","Un-known",Cleaned_Data4[[#This Row],[Names]]) -> Bob Johnson | C76: =IF(Cleaned_Data4[[#This Row],[Department]]="","Un-known",Cleaned_Data4[[#This Row],[Department]]) -> Marketing | D76: =IF(Cleaned_Data4[[#This Row],[Country]]="","Un-known",Cleaned_Data4[[#This Row],[Country]]) -> India | E76: =IF(Cleaned_Data4[[#This Row],[Salary]]="N/A","0",Cleaned_Data4[[#This Row],[Salary]]) -> 56512 | F76: =IF(Cleaned_Data4[[#This Row],[Date of Joining]]="","Un-known",Cleaned_Data4[[#This Row],[Date of Joining]]) -> 42512 | G76: =IF(Cleaned_Data4[[#This Row],[Performance Rating]]="","N/A",Cleaned_Data4[[#This Row],[Performance Rating]]) -> N/A | H76: =IF(Cleaned_Data4[[#This Row],[Gender]]="","Un-known",Cleaned_Data4[[#This Row],[Gender]]) -> Other | I76: =IF(Cleaned_Data4[[#This Row],[Email]]="","invalid_email",Cleaned_Data4[[#This Row],[Email]]) -> user153@example.com | K76: Salary | M76: =COUNTBLANK(Cleaned_Data4[Salary]) -> 0 | N76: =COUNTIF(Cleaned_Data4[Salary],"N/A") -> 8 | O76: =COUNTIF(Cleaned_Data4[Salary],"Unknown") -> 0 | P76: =COUNTIF(Cleaned_Data4[Salary],"invalid_email") -> 0
A77: =Cleaned_Data4[[#This Row],[Employee ID]] -> EMP1073 | B77: =IF(Cleaned_Data4[[#This Row],[Names]]="","Un-known",Cleaned_Data4[[#This Row],[Names]]) -> John Doe | C77: =IF(Cleaned_Data4[[#This Row],[Department]]="","Un-known",Cleaned_Data4[[#This Row],[Department]]) -> Sales | D77: =IF(Cleaned_Data4[[#This Row],[Country]]="","Un-known",Cleaned_Data4[[#This Row],[Country]]) -> India | E77: =IF(Cleaned_Data4[[#This Row],[Salary]]="N/A","0",Cleaned_Data4[[#This Row],[Salary]]) -> 91101 | F77: =IF(Cleaned_Data4[[#This Row],[Date of Joining]]="","Un-known",Cleaned_Data4[[#This Row],[Date of Joining]]) -> 42519 | G77: =IF(Cleaned_Data4[[#This Row],[Performance Rating]]="","N/A",Cleaned_Data4[[#This Row],[Performance Rating]]) -> 4 | H77: =IF(Cleaned_Data4[[#This Row],[Gender]]="","Un-known",Cleaned_Data4[[#This Row],[Gender]]) -> Female | I77: =IF(Cleaned_Data4[[#This Row],[Email]]="","invalid_email",Cleaned_Data4[[#This Row],[Email]]) -> user71@example.com | K77: Date Of Joining | M77: =COUNTBLANK(Cleaned_Data4[Date of Joining]) -> 9 | N77: =COUNTIF(Cleaned_Data4[Date of Joining],"N/A") -> 0 | O77: =COUNTIF(Cleaned_Data4[Date of Joining],"Unknown") -> 0 | P77: =COUNTIF(Cleaned_Data4[Date of Joining],"invalid_email") -> 0
A78: =Cleaned_Data4[[#This Row],[Employee ID]] -> EMP1074 | B78: =IF(Cleaned_Data4[[#This Row],[Names]]="","Un-known",Cleaned_Data4[[#This Row],[Names]]) -> Sam Wilson | C78: =IF(Cleaned_Data4[[#This Row],[Department]]="","Un-known",Cleaned_Data4[[#This Row],[Department]]) -> Un-known | D78: =IF(Cleaned_Data4[[#This Row],[Country]]="","Un-known",Cleaned_Data4[[#This Row],[Country]]) -> Germany | E78: =IF(Cleaned_Data4[[#This Row],[Salary]]="N/A","0",Cleaned_Data4[[#This Row],[Salary]]) -> 41243 | F78: =IF(Cleaned_Data4[[#This Row],[Date of Joining]]="","Un-known",Cleaned_Data4[[#This Row],[Date of Joining]]) -> 42526 | G78: =IF(Cleaned_Data4[[#This Row],[Performance Rating]]="","N/A",Cleaned_Data4[[#This Row],[Performance Rating]]) -> N/A | H78: =IF(Cleaned_Data4[[#This Row],[Gender]]="","Un-known",Cleaned_Data4[[#This Row],[Gender]]) -> Un-known | I78: =IF(Cleaned_Data4[[#This Row],[Email]]="","invalid_email",Cleaned_Data4[[#This Row],[Email]]) -> user143@example.com | K78: Performance Rating | M78: =COUNTBLANK(Cleaned_Data4[Performance Rating]) -> 25 | N78: =COUNTIF(Cleaned_Data4[Performance Rating],"N/A") -> 0 | O78: =COUNTIF(Cleaned_Data4[Performance Rating],"Unknown") -> 0 | P78: =COUNTIF(Cleaned_Data4[Performance Rating],"invalid_email") -> 0
A79: =Cleaned_Data4[[#This Row],[Employee ID]] -> EMP1075 | B79: =IF(Cleaned_Data4[[#This Row],[Names]]="","Un-known",Cleaned_Data4[[#This Row],[Names]]) -> Un-known | C79: =IF(Cleaned_Data4[[#This Row],[Department]]="","Un-known",Cleaned_Data4[[#This Row],[Department]]) -> Sales | D79: =IF(Cleaned_Data4[[#This Row],[Country]]="","Un-known",Cleaned_Data4[[#This Row],[Country]]) -> Un-known | E79: =IF(Cleaned_Data4[[#This Row],[Salary]]="N/A","0",Cleaned_Data4[[#This Row],[Salary]]) -> 96142 | F79: =IF(Cleaned_Data4[[#This Row],[Date of Joining]]="","Un-known",Cleaned_Data4[[#This Row],[Date of Joining]]) -> 42533 | G79: =IF(Cleaned_Data4[[#This Row],[Performance Rating]]="","N/A",Cleaned_Data4[[#This Row],[Performance Rating]]) -> 1 | H79: =IF(Cleaned_Data4[[#This Row],[Gender]]="","Un-known",Cleaned_Data4[[#This Row],[Gender]]) -> Other | I79: =IF(Cleaned_Data4[[#This Row],[Email]]="","invalid_email",Cleaned_Data4[[#This Row],[Email]]) -> user17@example.com | K79: Gender | M79: =COUNTBLANK(Cleaned_Data4[Gender]) -> 44 | N79: =COUNTIF(Cleaned_Data4[Gender],"N/A") -> 0 | O79: =COUNTIF(Cleaned_Data4[Gender],"Unknown") -> 5 | P79: =COUNTIF(Cleaned_Data4[Gender],"invalid_email") -> 0
A80: =Cleaned_Data4[[#This Row],[Employee ID]] -> EMP1076 | B80: =IF(Cleaned_Data4[[#This Row],[Names]]="","Un-known",Cleaned_Data4[[#This Row],[Names]]) -> Eve Adams | C80: =IF(Cleaned_Data4[[#This Row],[Department]]="","Un-known",Cleaned_Data4[[#This Row],[Department]]) -> IT | D80: =IF(Cleaned_Data4[[#This Row],[Country]]="","Un-known",Cleaned_Data4[[#This Row],[Country]]) -> India | E80: =IF(Cleaned_Data4[[#This Row],[Salary]]="N/A","0",Cleaned_Data4[[#This Row],[Salary]]) -> 94301 | F80: =IF(Cleaned_Data4[[#This Row],[Date of Joining]]="","Un-known",Cleaned_Data4[[#This Row],[Date of Joining]]) -> 42540 | G80: =IF(Cleaned_Data4[[#This Row],[Performance Rating]]="","N/A",Cleaned_Data4[[#This Row],[Performance Rating]]) -> 1 | H80: =IF(Cleaned_Data4[[#This Row],[Gender]]="","Un-known",Cleaned_Data4[[#This Row],[Gender]]) -> Male | I80: =IF(Cleaned_Data4[[#This Row],[Email]]="","invalid_email",Cleaned_Data4[[#This Row],[Email]]) -> user20@example.com | K80: Email | M80: =COUNTBLANK(Cleaned_Data4[Email]) -> 0 | N80: =COUNTIF(Cleaned_Data4[Email],"N/A") -> 0 | O80: =COUNTIF(Cleaned_Data4[Email],"Unknown") -> 0 | P80: =COUNTIF(Cleaned_Data4[Email],"invalid_email") -> 5
A81: =Cleaned_Data4[[#This Row],[Employee ID]] -> EMP1077 | B81: =IF(Cleaned_Data4[[#This Row],[Names]]="","Un-known",Cleaned_Data4[[#This Row],[Names]]) -> Jane Smith | C81: =IF(Cleaned_Data4[[#This Row],[Department]]="","Un-known",Cleaned_Data4[[#This Row],[Department]]) -> Un-known | D81: =IF(Cleaned_Data4[[#This Row],[Country]]="","Un-known",Cleaned_Data4[[#This Row],[Country]]) -> UK | E81: =IF(Cleaned_Data4[[#This Row],[Salary]]="N/A","0",Cleaned_Data4[[#This Row],[Salary]]) -> 69166 | F81: =IF(Cleaned_Data4[[#This Row],[Date of Joining]]="","Un-known",Cleaned_Data4[[#This Row],[Date of Joining]]) -> 42547 | G81: =IF(Cleaned_Data4[[#This Row],[Performance Rating]]="","N/A",Cleaned_Data4[[#This Row],[Performance Rating]]) -> 1 | H81: =IF(Cleaned_Data4[[#This Row],[Gender]]="","Un-known",Cleaned_Data4[[#This Row],[Gender]]) -> Female | I81: =IF(Cleaned_Data4[[#This Row],[Email]]="","invalid_email",Cleaned_Data4[[#This Row],[Email]]) -> user22@example.com | K81: Total | M81: =SUM(M72:M80) -> 143 | N81: =SUM(N72:N80) -> 8 | O81: =SUM(O72:O80) -> 5 | P81: =SUM(P72:P80) -> 5
A82: =Cleaned_Data4[[#This Row],[Employee ID]] -> EMP1078 | B82: =IF(Cleaned_Data4[[#This Row],[Names]]="","Un-known",Cleaned_Data4[[#This Row],[Names]]) -> Sam Wilson | C82: =IF(Cleaned_Data4[[#This Row],[Department]]="","Un-known",Cleaned_Data4[[#This Row],[Department]]) -> Un-known | D82: =IF(Cleaned_Data4[[#This Row],[Country]]="","Un-known",Cleaned_Data4[[#This Row],[Country]]) -> UK | E82: =IF(Cleaned_Data4[[#This Row],[Salary]]="N/A","0",Cleaned_Data4[[#This Row],[Salary]]) -> 78245 | F82: =IF(Cleaned_Data4[[#This Row],[Date of Joining]]="","Un-known",Cleaned_Data4[[#This Row],[Date of Joining]]) -> 42554 | G82: =IF(Cleaned_Data4[[#This Row],[Performance Rating]]="","N/A",Cleaned_Data4[[#This Row],[Performance Rating]]) -> 2 | H82: =IF(Cleaned_Data4[[#This Row],[Gender]]="","Un-known",Cleaned_Data4[[#This Row],[Gender]]) -> Un-known | I82: =IF(Cleaned_Data4[[#This Row],[Email]]="","invalid_email",Cleaned_Data4[[#This Row],[Email]]) -> user46@example.com | K82: Total count of Entire Table | M82: =COUNTBLANK('Raw data for day3'!$A$3:$J$153) -> 143 | N82: =COUNTIF('Raw data for day3'!A3:J153,"N/A") -> 8 | O82: =COUNTIF('Raw data for day3'!A3:J153,"Unknown") -> 5 | P82: =COUNTIF('Raw data for day3'!A3:J153,"invalid_email") -> 5 | R82: COUNTIF() was used to count total number of "N/A","Un-known" and "invalid_email" in Entire Table was identified to cross verify.
A83: =Cleaned_Data4[[#This Row],[Employee ID]] -> EMP1079 | B83: =IF(Cleaned_Data4[[#This Row],[Names]]="","Un-known",Cleaned_Data4[[#This Row],[Names]]) -> Chris Lee | C83: =IF(Cleaned_Data4[[#This Row],[Department]]="","Un-known",Cleaned_Data4[[#This Row],[Department]]) -> Sales | D83: =IF(Cleaned_Data4[[#This Row],[Country]]="","Un-known",Cleaned_Data4[[#This Row],[Country]]) -> USA | E83: =IF(Cleaned_Data4[[#This Row],[Salary]]="N/A","0",Cleaned_Data4[[#This Row],[Salary]]) -> 66079 | F83: =IF(Cleaned_Data4[[#This Row],[Date of Joining]]="","Un-known",Cleaned_Data4[[#This Row],[Date of Joining]]) -> 42561 | G83: =IF(Cleaned_Data4[[#This Row],[Performance Rating]]="","N/A",Cleaned_Data4[[#This Row],[Performance Rating]]) -> 2 | H83: =IF(Cleaned_Data4[[#This Row],[Gender]]="","Un-known",Cleaned_Data4[[#This Row],[Gender]]) -> Other | I83: =IF(Cleaned_Data4[[#This Row],[Email]]="","invalid_email",Cleaned_Data4[[#This Row],[Email]]) -> user55@example.com
A84: =Cleaned_Data4[[#This Row],[Employee ID]] -> EMP1080 | B84: =IF(Cleaned_Data4[[#This Row],[Names]]="","Un-known",Cleaned_Data4[[#This Row],[Names]]) -> Eve Adams | C84: =IF(Cleaned_Data4[[#This Row],[Department]]="","Un-known",Cleaned_Data4[[#This Row],[Department]]) -> Marketing | D84: =IF(Cleaned_Data4[[#This Row],[Country]]="","Un-known",Cleaned_Data4[[#This Row],[Country]]) -> India | E84: =IF(Cleaned_Data4[[#This Row],[Salary]]="N/A","0",Cleaned_Data4[[#This Row],[Salary]]) -> 0 | F84: =IF(Cleaned_Data4[[#This Row],[Date of Joining]]="","Un-known",Cleaned_Data4[[#This Row],[Date of Joining]]) -> Un-known | G84: =IF(Cleaned_Data4[[#This Row],[Performance Rating]]="","N/A",Cleaned_Data4[[#This Row],[Performance Rating]]) -> N/A | H84: =IF(Cleaned_Data4[[#This Row],[Gender]]="","Un-known",Cleaned_Data4[[#This Row],[Gender]]) -> Un-known | I84: =IF(Cleaned_Data4[[#This Row],[Email]]="","invalid_email",Cleaned_Data4[[#This Row],[Email]]) -> user135@example.com
A85: =Cleaned_Data4[[#This Row],[Employee ID]] -> EMP1081 | B85: =IF(Cleaned_Data4[[#This Row],[Names]]="","Un-known",Cleaned_Data4[[#This Row],[Names]]) -> Jane Smith | C85: =IF(Cleaned_Data4[[#This Row],[Department]]="","Un-known",Cleaned_Data4[[#This Row],[Department]]) -> Sales | D85: =IF(Cleaned_Data4[[#This Row],[Country]]="","Un-known",Cleaned_Data4[[#This Row],[Country]]) -> USA | E85: =IF(Cleaned_Data4[[#This Row],[Salary]]="N/A","0",Cleaned_Data4[[#This Row],[Salary]]) -> 95621 | F85: =IF(Cleaned_Data4[[#This Row],[Date of Joining]]="","Un-known",Cleaned_Data4[[#This Row],[Date of Joining]]) -> 42575 | G85: =IF(Cleaned_Data4[[#This Row],[Performance Rating]]="","N/A",Cleaned_Data4[[#This Row],[Performance Rating]]) -> 3 | H85: =IF(Cleaned_Data4[[#This Row],[Gender]]="","Un-known",Cleaned_Data4[[#This Row],[Gender]]) -> Female | I85: =IF(Cleaned_Data4[[#This Row],[Email]]="","invalid_email",Cleaned_Data4[[#This Row],[Email]]) -> user156@example.com
A86: =Cleaned_Data4[[#This Row],[Employee ID]] -> EMP1082 | B86: =IF(Cleaned_Data4[[#This Row],[Names]]="","Un-known",Cleaned_Data4[[#This Row],[Names]]) -> Eve Adams | C86: =IF(Cleaned_Data4[[#This Row],[Department]]="","Un-known",Cleaned_Data4[[#This Row],[Department]]) -> IT | D86: =IF(Cleaned_Data4[[#This Row],[Country]]="","Un-known",Cleaned_Data4[[#This Row],[Country]]) -> UK | E86: =IF(Cleaned_Data4[[#This Row],[Salary]]="N/A","0",Cleaned_Data4[[#This Row],[Salary]]) -> 42262 | F86: =IF(Cleaned_Data4[[#This Row],[Date of Joining]]="","Un-known",Cleaned_Data4[[#This Row],[Date of Joining]]) -> 42582 | G86: =IF(Cleaned_Data4[[#This Row],[Performance Rating]]="","N/A",Cleaned_Data4[[#This Row],[Performance Rating]]) -> 1 | H86: =IF(Cleaned_Data4[[#This Row],[Gender]]="","Un-known",Cleaned_Data4[[#This Row],[Gender]]) -> Un-known | I86: =IF(Cleaned_Data4[[#This Row],[Email]]="","invalid_email",Cleaned_Data4[[#This Row],[Email]]) -> user104@example.com
A87: =Cleaned_Data4[[#This Row],[Employee ID]] -> EMP1083 | B87: =IF(Cleaned_Data4[[#This Row],[Names]]="","Un-known",Cleaned_Data4[[#This Row],[Names]]) -> Sam Wilson | C87: =IF(Cleaned_Data4[[#This Row],[Department]]="","Un-known",Cleaned_Data4[[#This Row],[Department]]) -> Sales | D87: =IF(Cleaned_Data4[[#This Row],[Country]]="","Un-known",Cleaned_Data4[[#This Row],[Country]]) -> India | E87: =IF(Cleaned_Data4[[#This Row],[Salary]]="N/A","0",Cleaned_Data4[[#This Row],[Salary]]) -> 99621 | F87: =IF(Cleaned_Data4[[#This Row],[Date of Joining]]="","Un-known",Cleaned_Data4[[#This Row],[Date of Joining]]) -> 42589 | G87: =IF(Cleaned_Data4[[#This Row],[Performance Rating]]="","N/A",Cleaned_Data4[[#This Row],[Performance Rating]]) -> N/A | H87: =IF(Cleaned_Data4[[#This Row],[Gender]]="","Un-known",Cleaned_Data4[[#This Row],[Gender]]) -> Other | I87: =IF(Cleaned_Data4[[#This Row],[Email]]="","invalid_email",Cleaned_Data4[[#This Row],[Email]]) -> user145@example.com
A88: =Cleaned_Data4[[#This Row],[Employee ID]] -> EMP1084 | B88: =IF(Cleaned_Data4[[#This Row],[Names]]="","Un-known",Cleaned_Data4[[#This Row],[Names]]) -> John Doe | C88: =IF(Cleaned_Data4[[#This Row],[Department]]="","Un-known",Cleaned_Data4[[#This Row],[Department]]) -> Marketing | D88: =IF(Cleaned_Data4[[#This Row],[Country]]="","Un-known",Cleaned_Data4[[#This Row],[Country]]) -> India | E88: =IF(Cleaned_Data4[[#This Row],[Salary]]="N/A","0",Cleaned_Data4[[#This Row],[Salary]]) -> 44682 | F88: =IF(Cleaned_Data4[[#This Row],[Date of Joining]]="","Un-known",Cleaned_Data4[[#This Row],[Date of Joining]]) -> 42596 | G88: =IF(Cleaned_Data4[[#This Row],[Performance Rating]]="","N/A",Cleaned_Data4[[#This Row],[Performance Rating]]) -> 4 | H88: =IF(Cleaned_Data4[[#This Row],[Gender]]="","Un-known",Cleaned_Data4[[#This Row],[Gender]]) -> Female | I88: =IF(Cleaned_Data4[[#This Row],[Email]]="","invalid_email",Cleaned_Data4[[#This Row],[Email]]) -> user47@example.com
A89: =Cleaned_Data4[[#This Row],[Employee ID]] -> EMP1085 | B89: =IF(Cleaned_Data4[[#This Row],[Names]]="","Un-known",Cleaned_Data4[[#This Row],[Names]]) -> Chris Lee | C89: =IF(Cleaned_Data4[[#This Row],[Department]]="","Un-known",Cleaned_Data4[[#This Row],[Department]]) -> Finance | D89: =IF(Cleaned_Data4[[#This Row],[Country]]="","Un-known",Cleaned_Data4[[#This Row],[Country]]) -> Un-known | E89: =IF(Cleaned_Data4[[#This Row],[Salary]]="N/A","0",Cleaned_Data4[[#This Row],[Salary]]) -> 35163 | F89: =IF(Cleaned_Data4[[#This Row],[Date of Joining]]="","Un-known",Cleaned_Data4[[#This Row],[Date of Joining]]) -> 42603 | G89: =IF(Cleaned_Data4[[#This Row],[Performance Rating]]="","N/A",Cleaned_Data4[[#This Row],[Performance Rating]]) -> 5 | H89: =IF(Cleaned_Data4[[#This Row],[Gender]]="","Un-known",Cleaned_Data4[[#This Row],[Gender]]) -> Other | I89: =IF(Cleaned_Data4[[#This Row],[Email]]="","invalid_email",Cleaned_Data4[[#This Row],[Email]]) -> user197@example.com
A90: =Cleaned_Data4[[#This Row],[Employee ID]] -> EMP1086 | B90: =IF(Cleaned_Data4[[#This Row],[Names]]="","Un-known",Cleaned_Data4[[#This Row],[Names]]) -> Chris Lee | C90: =IF(Cleaned_Data4[[#This Row],[Department]]="","Un-known",Cleaned_Data4[[#This Row],[Department]]) -> IT | D90: =IF(Cleaned_Data4[[#This Row],[Country]]="","Un-known",Cleaned_Data4[[#This Row],[Country]]) -> India | E90: =IF(Cleaned_Data4[[#This Row],[Salary]]="N/A","0",Cleaned_Data4[[#This Row],[Salary]]) -> 33483 | F90: =IF(Cleaned_Data4[[#This Row],[Date of Joining]]="","Un-known",Cleaned_Data4[[#This Row],[Date of Joining]]) -> 42610 | G90: =IF(Cleaned_Data4[[#This Row],[Performance Rating]]="","N/A",Cleaned_Data4[[#This Row],[Performance Rating]]) -> 4 | H90: =IF(Cleaned_Data4[[#This Row],[Gender]]="","Un-known",Cleaned_Data4[[#This Row],[Gender]]) -> Male | I90: =IF(Cleaned_Data4[[#This Row],[Email]]="","invalid_email",Cleaned_Data4[[#This Row],[Email]]) -> user177@example.com
A91: =Cleaned_Data4[[#This Row],[Employee ID]] -> EMP1087 | B91: =IF(Cleaned_Data4[[#This Row],[Names]]="","Un-known",Cleaned_Data4[[#This Row],[Names]]) -> Sam Wilson | C91: =IF(Cleaned_Data4[[#This Row],[Department]]="","Un-known",Cleaned_Data4[[#This Row],[Department]]) -> HR | D91: =IF(Cleaned_Data4[[#This Row],[Country]]="","Un-known",Cleaned_Data4[[#This Row],[Country]]) -> Germany | E91: =IF(Cleaned_Data4[[#This Row],[Salary]]="N/A","0",Cleaned_Data4[[#This Row],[Salary]]) -> 55303 | F91: =IF(Cleaned_Data4[[#This Row],[Date of Joining]]="","Un-known",Cleaned_Data4[[#This Row],[Date of Joining]]) -> 42617 | G91: =IF(Cleaned_Data4[[#This Row],[Performance Rating]]="","N/A",Cleaned_Data4[[#This Row],[Performance Rating]]) -> 4 | H91: =IF(Cleaned_Data4[[#This Row],[Gender]]="","Un-known",Cleaned_Data4[[#This Row],[Gender]]) -> Male | I91: =IF(Cleaned_Data4[[#This Row],[Email]]="","invalid_email",Cleaned_Data4[[#This Row],[Email]]) -> user149@example.com
A92: =Cleaned_Data4[[#This Row],[Employee ID]] -> EMP1088 | B92: =IF(Cleaned_Data4[[#This Row],[Names]]="","Un-known",Cleaned_Data4[[#This Row],[Names]]) -> Chris Lee | C92: =IF(Cleaned_Data4[[#This Row],[Department]]="","Un-known",Cleaned_Data4[[#This Row],[Department]]) -> IT | D92: =IF(Cleaned_Data4[[#This Row],[Country]]="","Un-known",Cleaned_Data4[[#This Row],[Country]]) -> Un-known | E92: =IF(Cleaned_Data4[[#This Row],[Salary]]="N/A","0",Cleaned_Data4[[#This Row],[Salary]]) -> 63434 | F92: =IF(Cleaned_Data4[[#This Row],[Date of Joining]]="","Un-known",Cleaned_Data4[[#This Row],[Date of Joining]]) -> 42624 | G92: =IF(Cleaned_Data4[[#This Row],[Performance Rating]]="","N/A",Cleaned_Data4[[#This Row],[Performance Rating]]) -> 3 | H92: =IF(Cleaned_Data4[[#This Row],[Gender]]="","Un-known",Cleaned_Data4[[#This Row],[Gender]]) -> Un-known | I92: =IF(Cleaned_Data4[[#This Row],[Email]]="","invalid_email",Cleaned_Data4[[#This Row],[Email]]) -> user48@example.com
A93: =Cleaned_Data4[[#This Row],[Employee ID]] -> EMP1089 | B93: =IF(Cleaned_Data4[[#This Row],[Names]]="","Un-known",Cleaned_Data4[[#This Row],[Names]]) -> Jane Smith | C93: =IF(Cleaned_Data4[[#This Row],[Department]]="","Un-known",Cleaned_Data4[[#This Row],[Department]]) -> Un-known | D93: =IF(Cleaned_Data4[[#This Row],[Country]]="","Un-known",Cleaned_Data4[[#This Row],[Country]]) -> Australia | E93: =IF(Cleaned_Data4[[#This Row],[Salary]]="N/A","0",Cleaned_Data4[[#This Row],[Salary]]) -> 38830 | F93: =IF(Cleaned_Data4[[#This Row],[Date of Joining]]="","Un-known",Cleaned_Data4[[#This Row],[Date of Joining]]) -> 42631 | G93: =IF(Cleaned_Data4[[#This Row],[Performance Rating]]="","N/A",Cleaned_Data4[[#This Row],[Performance Rating]]) -> 3 | H93: =IF(Cleaned_Data4[[#This Row],[Gender]]="","Un-known",Cleaned_Data4[[#This Row],[Gender]]) -> Other | I93: =IF(Cleaned_Data4[[#This Row],[Email]]="","invalid_email",Cleaned_Data4[[#This Row],[Email]]) -> user149@example.com
A94: =Cleaned_Data4[[#This Row],[Employee ID]] -> EMP1090 | B94: =IF(Cleaned_Data4[[#This Row],[Names]]="","Un-known",Cleaned_Data4[[#This Row],[Names]]) -> Un-known | C94: =IF(Cleaned_Data4[[#This Row],[Department]]="","Un-known",Cleaned_Data4[[#This Row],[Department]]) -> Marketing | D94: =IF(Cleaned_Data4[[#This Row],[Country]]="","Un-known",Cleaned_Data4[[#This Row],[Country]]) -> UK | E94: =IF(Cleaned_Data4[[#This Row],[Salary]]="N/A","0",Cleaned_Data4[[#This Row],[Salary]]) -> 50741 | F94: =IF(Cleaned_Data4[[#This Row],[Date of Joining]]="","Un-known",Cleaned_Data4[[#This Row],[Date of Joining]]) -> 42638 | G94: =IF(Cleaned_Data4[[#This Row],[Performance Rating]]="","N/A",Cleaned_Data4[[#This Row],[Performance Rating]]) -> 3 | H94: =IF(Cleaned_Data4[[#This Row],[Gender]]="","Un-known",Cleaned_Data4[[#This Row],[Gender]]) -> Unknown | I94: =IF(Cleaned_Data4[[#This Row],[Email]]="","invalid_email",Cleaned_Data4[[#This Row],[Email]]) -> user65@example.com
... A153: =Cleaned_Data4[[#This Row],[Employee ID]] -> EMP1149 | B153: =IF(Cleaned_Data4[[#This Row],[Names]]="","Un-known",Cleaned_Data4[[#This Row],[Names]]) -> Sam Wilson | C153: =IF(Cleaned_Data4[[#This Row],[Department]]="","Un-known",Cleaned_Data4[[#This Row],[Department]]) -> Marketing | D153: =IF(Cleaned_Data4[[#This Row],[Country]]="","Un-known",Cleaned_Data4[[#This Row],[Country]]) -> India | E153: =IF(Cleaned_Data4[[#This Row],[Salary]]="N/A","0",Cleaned_Data4[[#This Row],[Salary]]) -> 98475 | F153: =IF(Cleaned_Data4[[#This Row],[Date of Joining]]="","Un-known",Cleaned_Data4[[#This Row],[Date of Joining]]) -> 43051 | G153: =IF(Cleaned_Data4[[#This Row],[Performance Rating]]="","N/A",Cleaned_Data4[[#This Row],[Performance Rating]]) -> 5 | H153: =IF(Cleaned_Data4[[#This Row],[Gender]]="","Un-known",Cleaned_Data4[[#This Row],[Gender]]) -> Other | I153: =IF(Cleaned_Data4[[#This Row],[Email]]="","invalid_email",Cleaned_Data4[[#This Row],[Email]]) -> user30@example.com
